
/*!40101 SET @OLD_CHARACTER_SET_CLIENT=@@CHARACTER_SET_CLIENT */;
/*!40101 SET @OLD_CHARACTER_SET_RESULTS=@@CHARACTER_SET_RESULTS */;
/*!40101 SET @OLD_COLLATION_CONNECTION=@@COLLATION_CONNECTION */;
/*!50503 SET NAMES utf8mb4 */;
/*!40103 SET @OLD_TIME_ZONE=@@TIME_ZONE */;
/*!40103 SET TIME_ZONE='+00:00' */;
/*!40014 SET @OLD_UNIQUE_CHECKS=@@UNIQUE_CHECKS, UNIQUE_CHECKS=0 */;
/*!40014 SET @OLD_FOREIGN_KEY_CHECKS=@@FOREIGN_KEY_CHECKS, FOREIGN_KEY_CHECKS=0 */;
/*!40101 SET @OLD_SQL_MODE=@@SQL_MODE, SQL_MODE='NO_AUTO_VALUE_ON_ZERO' */;
/*!40111 SET @OLD_SQL_NOTES=@@SQL_NOTES, SQL_NOTES=0 */;
DROP TABLE IF EXISTS `cache`;
/*!40101 SET @saved_cs_client     = @@character_set_client */;
/*!50503 SET character_set_client = utf8mb4 */;
CREATE TABLE `cache` (
  `key` varchar(255) COLLATE utf8mb4_unicode_ci NOT NULL,
  `value` mediumtext COLLATE utf8mb4_unicode_ci NOT NULL,
  `expiration` int NOT NULL,
  PRIMARY KEY (`key`)
) ENGINE=InnoDB DEFAULT CHARSET=utf8mb4 COLLATE=utf8mb4_unicode_ci;
/*!40101 SET character_set_client = @saved_cs_client */;

LOCK TABLES `cache` WRITE;
/*!40000 ALTER TABLE `cache` DISABLE KEYS */;
/*!40000 ALTER TABLE `cache` ENABLE KEYS */;
UNLOCK TABLES;
DROP TABLE IF EXISTS `cache_locks`;
/*!40101 SET @saved_cs_client     = @@character_set_client */;
/*!50503 SET character_set_client = utf8mb4 */;
CREATE TABLE `cache_locks` (
  `key` varchar(255) COLLATE utf8mb4_unicode_ci NOT NULL,
  `owner` varchar(255) COLLATE utf8mb4_unicode_ci NOT NULL,
  `expiration` int NOT NULL,
  PRIMARY KEY (`key`)
) ENGINE=InnoDB DEFAULT CHARSET=utf8mb4 COLLATE=utf8mb4_unicode_ci;
/*!40101 SET character_set_client = @saved_cs_client */;

LOCK TABLES `cache_locks` WRITE;
/*!40000 ALTER TABLE `cache_locks` DISABLE KEYS */;
/*!40000 ALTER TABLE `cache_locks` ENABLE KEYS */;
UNLOCK TABLES;
DROP TABLE IF EXISTS `categories`;
/*!40101 SET @saved_cs_client     = @@character_set_client */;
/*!50503 SET character_set_client = utf8mb4 */;
CREATE TABLE `categories` (
  `id` bigint unsigned NOT NULL AUTO_INCREMENT,
  `name` varchar(255) COLLATE utf8mb4_unicode_ci NOT NULL,
  `icon` varchar(10) COLLATE utf8mb4_unicode_ci NOT NULL,
  `color` varchar(7) COLLATE utf8mb4_unicode_ci NOT NULL,
  `type` enum('IN','OUT') COLLATE utf8mb4_unicode_ci NOT NULL,
  `created_at` timestamp NULL DEFAULT NULL,
  `updated_at` timestamp NULL DEFAULT NULL,
  PRIMARY KEY (`id`)
) ENGINE=InnoDB AUTO_INCREMENT=15 DEFAULT CHARSET=utf8mb4 COLLATE=utf8mb4_unicode_ci;
/*!40101 SET character_set_client = @saved_cs_client */;

LOCK TABLES `categories` WRITE;
/*!40000 ALTER TABLE `categories` DISABLE KEYS */;
INSERT INTO `categories` VALUES (1,'Purchase','📦','#00B894','IN','2026-05-12 05:10:19','2026-05-12 05:10:19'),(2,'Customer Return','↩️','#55EFC4','IN','2026-05-12 05:10:19','2026-05-12 05:10:19'),(3,'Initial Stock','🆕','#00CEC9','IN','2026-05-12 05:10:19','2026-05-12 05:10:19'),(4,'Stock Adjustment+','➕','#74B9FF','IN','2026-05-12 05:10:19','2026-05-12 05:10:19'),(5,'Production In','🏭','#0984E3','IN','2026-05-12 05:10:19','2026-05-12 05:10:19'),(6,'Donation In','🎁','#A29BFE','IN','2026-05-12 05:10:19','2026-05-12 05:10:19'),(7,'Other In','📥','#6C5CE7','IN','2026-05-12 05:10:19','2026-05-12 05:10:19'),(8,'Sale','🛒','#FF7675','OUT','2026-05-12 05:10:19','2026-05-12 05:10:19'),(9,'Damaged','💥','#D63031','OUT','2026-05-12 05:10:19','2026-05-12 05:10:19'),(10,'Internal Use','🔧','#E17055','OUT','2026-05-12 05:10:19','2026-05-12 05:10:19'),(11,'Stock Adjustment-','➖','#FAB1A0','OUT','2026-05-12 05:10:19','2026-05-12 05:10:19'),(12,'Stolen / Lost','❌','#E84393','OUT','2026-05-12 05:10:19','2026-05-12 05:10:19'),(13,'Sample','🎯','#FDCB6E','OUT','2026-05-12 05:10:19','2026-05-12 05:10:19'),(14,'Other Out','📤','#FFEAA7','OUT','2026-05-12 05:10:19','2026-05-12 05:10:19');
/*!40000 ALTER TABLE `categories` ENABLE KEYS */;
UNLOCK TABLES;
DROP TABLE IF EXISTS `failed_jobs`;
/*!40101 SET @saved_cs_client     = @@character_set_client */;
/*!50503 SET character_set_client = utf8mb4 */;
CREATE TABLE `failed_jobs` (
  `id` bigint unsigned NOT NULL AUTO_INCREMENT,
  `uuid` varchar(255) COLLATE utf8mb4_unicode_ci NOT NULL,
  `connection` text COLLATE utf8mb4_unicode_ci NOT NULL,
  `queue` text COLLATE utf8mb4_unicode_ci NOT NULL,
  `payload` longtext COLLATE utf8mb4_unicode_ci NOT NULL,
  `exception` longtext COLLATE utf8mb4_unicode_ci NOT NULL,
  `failed_at` timestamp NOT NULL DEFAULT CURRENT_TIMESTAMP,
  PRIMARY KEY (`id`),
  UNIQUE KEY `failed_jobs_uuid_unique` (`uuid`)
) ENGINE=InnoDB DEFAULT CHARSET=utf8mb4 COLLATE=utf8mb4_unicode_ci;
/*!40101 SET character_set_client = @saved_cs_client */;

LOCK TABLES `failed_jobs` WRITE;
/*!40000 ALTER TABLE `failed_jobs` DISABLE KEYS */;
/*!40000 ALTER TABLE `failed_jobs` ENABLE KEYS */;
UNLOCK TABLES;
DROP TABLE IF EXISTS `job_batches`;
/*!40101 SET @saved_cs_client     = @@character_set_client */;
/*!50503 SET character_set_client = utf8mb4 */;
CREATE TABLE `job_batches` (
  `id` varchar(255) COLLATE utf8mb4_unicode_ci NOT NULL,
  `name` varchar(255) COLLATE utf8mb4_unicode_ci NOT NULL,
  `total_jobs` int NOT NULL,
  `pending_jobs` int NOT NULL,
  `failed_jobs` int NOT NULL,
  `failed_job_ids` longtext COLLATE utf8mb4_unicode_ci NOT NULL,
  `options` mediumtext COLLATE utf8mb4_unicode_ci,
  `cancelled_at` int DEFAULT NULL,
  `created_at` int NOT NULL,
  `finished_at` int DEFAULT NULL,
  PRIMARY KEY (`id`)
) ENGINE=InnoDB DEFAULT CHARSET=utf8mb4 COLLATE=utf8mb4_unicode_ci;
/*!40101 SET character_set_client = @saved_cs_client */;

LOCK TABLES `job_batches` WRITE;
/*!40000 ALTER TABLE `job_batches` DISABLE KEYS */;
/*!40000 ALTER TABLE `job_batches` ENABLE KEYS */;
UNLOCK TABLES;
DROP TABLE IF EXISTS `jobs`;
/*!40101 SET @saved_cs_client     = @@character_set_client */;
/*!50503 SET character_set_client = utf8mb4 */;
CREATE TABLE `jobs` (
  `id` bigint unsigned NOT NULL AUTO_INCREMENT,
  `queue` varchar(255) COLLATE utf8mb4_unicode_ci NOT NULL,
  `payload` longtext COLLATE utf8mb4_unicode_ci NOT NULL,
  `attempts` tinyint unsigned NOT NULL,
  `reserved_at` int unsigned DEFAULT NULL,
  `available_at` int unsigned NOT NULL,
  `created_at` int unsigned NOT NULL,
  PRIMARY KEY (`id`),
  KEY `jobs_queue_index` (`queue`)
) ENGINE=InnoDB DEFAULT CHARSET=utf8mb4 COLLATE=utf8mb4_unicode_ci;
/*!40101 SET character_set_client = @saved_cs_client */;

LOCK TABLES `jobs` WRITE;
/*!40000 ALTER TABLE `jobs` DISABLE KEYS */;
/*!40000 ALTER TABLE `jobs` ENABLE KEYS */;
UNLOCK TABLES;
DROP TABLE IF EXISTS `migrations`;
/*!40101 SET @saved_cs_client     = @@character_set_client */;
/*!50503 SET character_set_client = utf8mb4 */;
CREATE TABLE `migrations` (
  `id` int unsigned NOT NULL AUTO_INCREMENT,
  `migration` varchar(255) COLLATE utf8mb4_unicode_ci NOT NULL,
  `batch` int NOT NULL,
  PRIMARY KEY (`id`)
) ENGINE=InnoDB AUTO_INCREMENT=9 DEFAULT CHARSET=utf8mb4 COLLATE=utf8mb4_unicode_ci;
/*!40101 SET character_set_client = @saved_cs_client */;

LOCK TABLES `migrations` WRITE;
/*!40000 ALTER TABLE `migrations` DISABLE KEYS */;
INSERT INTO `migrations` VALUES (1,'0001_01_01_000000_create_users_table',1),(2,'0001_01_01_000001_create_cache_table',1),(3,'0001_01_01_000002_create_jobs_table',1),(4,'2025_05_12_000010_create_units_table',1),(5,'2025_05_12_000011_create_categories_table',1),(6,'2025_05_12_000012_create_products_table',1),(7,'2025_05_12_000013_create_stock_movements_table',1),(8,'2025_07_28_070138_create_personal_access_tokens_table',1);
/*!40000 ALTER TABLE `migrations` ENABLE KEYS */;
UNLOCK TABLES;
DROP TABLE IF EXISTS `password_reset_tokens`;
/*!40101 SET @saved_cs_client     = @@character_set_client */;
/*!50503 SET character_set_client = utf8mb4 */;
CREATE TABLE `password_reset_tokens` (
  `email` varchar(255) COLLATE utf8mb4_unicode_ci NOT NULL,
  `token` varchar(255) COLLATE utf8mb4_unicode_ci NOT NULL,
  `created_at` timestamp NULL DEFAULT NULL,
  PRIMARY KEY (`email`)
) ENGINE=InnoDB DEFAULT CHARSET=utf8mb4 COLLATE=utf8mb4_unicode_ci;
/*!40101 SET character_set_client = @saved_cs_client */;

LOCK TABLES `password_reset_tokens` WRITE;
/*!40000 ALTER TABLE `password_reset_tokens` DISABLE KEYS */;
/*!40000 ALTER TABLE `password_reset_tokens` ENABLE KEYS */;
UNLOCK TABLES;
DROP TABLE IF EXISTS `personal_access_tokens`;
/*!40101 SET @saved_cs_client     = @@character_set_client */;
/*!50503 SET character_set_client = utf8mb4 */;
CREATE TABLE `personal_access_tokens` (
  `id` bigint unsigned NOT NULL AUTO_INCREMENT,
  `tokenable_type` varchar(255) COLLATE utf8mb4_unicode_ci NOT NULL,
  `tokenable_id` bigint unsigned NOT NULL,
  `name` text COLLATE utf8mb4_unicode_ci NOT NULL,
  `token` varchar(64) COLLATE utf8mb4_unicode_ci NOT NULL,
  `abilities` text COLLATE utf8mb4_unicode_ci,
  `last_used_at` timestamp NULL DEFAULT NULL,
  `expires_at` timestamp NULL DEFAULT NULL,
  `created_at` timestamp NULL DEFAULT NULL,
  `updated_at` timestamp NULL DEFAULT NULL,
  PRIMARY KEY (`id`),
  UNIQUE KEY `personal_access_tokens_token_unique` (`token`),
  KEY `personal_access_tokens_tokenable_type_tokenable_id_index` (`tokenable_type`,`tokenable_id`),
  KEY `personal_access_tokens_expires_at_index` (`expires_at`)
) ENGINE=InnoDB DEFAULT CHARSET=utf8mb4 COLLATE=utf8mb4_unicode_ci;
/*!40101 SET character_set_client = @saved_cs_client */;

LOCK TABLES `personal_access_tokens` WRITE;
/*!40000 ALTER TABLE `personal_access_tokens` DISABLE KEYS */;
/*!40000 ALTER TABLE `personal_access_tokens` ENABLE KEYS */;
UNLOCK TABLES;
DROP TABLE IF EXISTS `products`;
/*!40101 SET @saved_cs_client     = @@character_set_client */;
/*!50503 SET character_set_client = utf8mb4 */;
CREATE TABLE `products` (
  `id` bigint unsigned NOT NULL AUTO_INCREMENT,
  `user_id` bigint unsigned NOT NULL,
  `unit_code` varchar(10) COLLATE utf8mb4_unicode_ci NOT NULL,
  `name` varchar(255) COLLATE utf8mb4_unicode_ci NOT NULL,
  `created_at` timestamp NULL DEFAULT NULL,
  `updated_at` timestamp NULL DEFAULT NULL,
  `deleted_at` timestamp NULL DEFAULT NULL,
  PRIMARY KEY (`id`),
  KEY `products_user_id_foreign` (`user_id`),
  KEY `products_unit_code_foreign` (`unit_code`),
  CONSTRAINT `products_unit_code_foreign` FOREIGN KEY (`unit_code`) REFERENCES `units` (`code`),
  CONSTRAINT `products_user_id_foreign` FOREIGN KEY (`user_id`) REFERENCES `users` (`id`) ON DELETE CASCADE
) ENGINE=InnoDB AUTO_INCREMENT=26 DEFAULT CHARSET=utf8mb4 COLLATE=utf8mb4_unicode_ci;
/*!40101 SET character_set_client = @saved_cs_client */;

LOCK TABLES `products` WRITE;
/*!40000 ALTER TABLE `products` DISABLE KEYS */;
INSERT INTO `products` VALUES (1,1,'PCK','Beras Premium 5kg','2026-05-12 05:10:19','2026-05-12 05:10:19',NULL),(2,1,'PCS','Indomie Goreng','2026-05-12 05:10:19','2026-05-12 05:10:19',NULL),(3,1,'PCS','Aqua 600ml','2026-05-12 05:10:19','2026-05-12 05:10:19',NULL),(4,1,'PCK','Gula Pasir 1kg','2026-05-12 05:10:19','2026-05-12 05:10:19',NULL),(5,1,'BOX','Teh Celup Sariwangi','2026-05-12 05:10:19','2026-05-12 05:10:19',NULL),(6,1,'PCS','Susu Ultra 250ml','2026-05-12 05:10:19','2026-05-12 05:10:19',NULL),(7,1,'PCK','Garam Halus 250gr','2026-05-12 05:10:19','2026-05-12 05:10:19',NULL),(8,2,'KG','Tepung Terigu Segitiga','2026-05-12 05:10:19','2026-05-12 05:10:19',NULL),(9,2,'KG','Mentega Blueband','2026-05-12 05:10:19','2026-05-12 05:10:19',NULL),(10,2,'PCS','Telur Ayam','2026-05-12 05:10:19','2026-05-12 05:10:19',NULL),(11,2,'PCK','Coklat Bubuk Van Houten','2026-05-12 05:10:19','2026-05-12 05:10:19',NULL),(12,2,'LTR','Minyak Goreng Bimoli','2026-05-12 05:10:19','2026-05-12 05:10:19',NULL),(13,3,'PCS','Baut M8x30','2026-05-12 05:10:19','2026-05-12 05:10:19',NULL),(14,3,'PCS','Mur M8','2026-05-12 05:10:19','2026-05-12 05:10:19',NULL),(15,3,'M','Kabel NYM 3x2.5','2026-05-12 05:10:19','2026-05-12 05:10:19',NULL),(16,3,'RL','Selotip Listrik','2026-05-12 05:10:19','2026-05-12 05:10:19',NULL),(17,3,'BOX','Lampu LED 9W Philips','2026-05-12 05:10:19','2026-05-12 05:10:19',NULL),(18,4,'KG','Biji Kopi Arabika','2026-05-12 05:10:19','2026-05-12 05:10:19',NULL),(19,4,'LTR','Susu Sapi Segar','2026-05-12 05:10:19','2026-05-12 05:10:19',NULL),(20,4,'PCS','Cup Plastik 16oz','2026-05-12 05:10:19','2026-05-12 05:10:19',NULL),(21,4,'PCK','Gula Cair 1L','2026-05-12 05:10:19','2026-05-12 05:10:19',NULL),(22,4,'PCK','Sedotan Kertas 100pcs','2026-05-12 05:10:19','2026-05-12 05:10:19',NULL),(23,5,'PCS','Pulpen Pilot G2','2026-05-12 05:10:19','2026-05-12 05:10:19',NULL),(24,5,'PCK','Kertas A4 80gr','2026-05-12 05:10:19','2026-05-12 05:10:19',NULL),(25,5,'PCS','Map Folder Plastik','2026-05-12 05:10:19','2026-05-12 05:10:19',NULL);
/*!40000 ALTER TABLE `products` ENABLE KEYS */;
UNLOCK TABLES;
DROP TABLE IF EXISTS `sessions`;
/*!40101 SET @saved_cs_client     = @@character_set_client */;
/*!50503 SET character_set_client = utf8mb4 */;
CREATE TABLE `sessions` (
  `id` varchar(255) COLLATE utf8mb4_unicode_ci NOT NULL,
  `user_id` bigint unsigned DEFAULT NULL,
  `ip_address` varchar(45) COLLATE utf8mb4_unicode_ci DEFAULT NULL,
  `user_agent` text COLLATE utf8mb4_unicode_ci,
  `payload` longtext COLLATE utf8mb4_unicode_ci NOT NULL,
  `last_activity` int NOT NULL,
  PRIMARY KEY (`id`),
  KEY `sessions_user_id_index` (`user_id`),
  KEY `sessions_last_activity_index` (`last_activity`)
) ENGINE=InnoDB DEFAULT CHARSET=utf8mb4 COLLATE=utf8mb4_unicode_ci;
/*!40101 SET character_set_client = @saved_cs_client */;

LOCK TABLES `sessions` WRITE;
/*!40000 ALTER TABLE `sessions` DISABLE KEYS */;
/*!40000 ALTER TABLE `sessions` ENABLE KEYS */;
UNLOCK TABLES;
DROP TABLE IF EXISTS `stock_movements`;
/*!40101 SET @saved_cs_client     = @@character_set_client */;
/*!50503 SET character_set_client = utf8mb4 */;
CREATE TABLE `stock_movements` (
  `id` bigint unsigned NOT NULL AUTO_INCREMENT,
  `product_id` bigint unsigned NOT NULL,
  `category_id` bigint unsigned NOT NULL,
  `quantity` int NOT NULL,
  `note` varchar(255) COLLATE utf8mb4_unicode_ci DEFAULT NULL,
  `date` date NOT NULL,
  `created_at` timestamp NULL DEFAULT NULL,
  `updated_at` timestamp NULL DEFAULT NULL,
  PRIMARY KEY (`id`),
  KEY `stock_movements_product_id_foreign` (`product_id`),
  KEY `stock_movements_category_id_foreign` (`category_id`),
  CONSTRAINT `stock_movements_category_id_foreign` FOREIGN KEY (`category_id`) REFERENCES `categories` (`id`),
  CONSTRAINT `stock_movements_product_id_foreign` FOREIGN KEY (`product_id`) REFERENCES `products` (`id`) ON DELETE CASCADE
) ENGINE=InnoDB AUTO_INCREMENT=626 DEFAULT CHARSET=utf8mb4 COLLATE=utf8mb4_unicode_ci;
/*!40101 SET character_set_client = @saved_cs_client */;

LOCK TABLES `stock_movements` WRITE;
/*!40000 ALTER TABLE `stock_movements` DISABLE KEYS */;
INSERT INTO `stock_movements` VALUES (1,24,8,8,'Koreksi stok minus','2025-08-05','2026-05-12 05:10:19','2026-05-12 05:10:19'),(2,16,3,100,'Stok awal toko','2025-01-01','2026-05-12 05:10:19','2026-05-12 05:10:19'),(3,11,3,100,'Penambahan koreksi','2025-01-28','2026-05-12 05:10:19','2026-05-12 05:10:19'),(4,20,3,50,'Penambahan koreksi','2025-03-01','2026-05-12 05:10:19','2026-05-12 05:10:19'),(5,12,13,15,'Sample untuk customer','2025-06-25','2026-05-12 05:10:19','2026-05-12 05:10:19'),(6,8,3,250,'Stok awal toko','2025-01-05','2026-05-12 05:10:19','2026-05-12 05:10:19'),(7,6,14,8,'Hilang saat stock opname','2025-04-17','2026-05-12 05:10:19','2026-05-12 05:10:19'),(8,9,11,15,'Barang rusak dalam pengiriman','2025-07-01','2026-05-12 05:10:19','2026-05-12 05:10:19'),(9,3,5,5,'Pembelian rutin mingguan','2025-05-09','2026-05-12 05:10:19','2026-05-12 05:10:19'),(10,9,3,1000,'Stok awal toko','2025-01-08','2026-05-12 05:10:19','2026-05-12 05:10:19'),(11,10,14,8,'Barang rusak dalam pengiriman','2025-02-18','2026-05-12 05:10:19','2026-05-12 05:10:19'),(12,3,5,30,NULL,'2025-03-29','2026-05-12 05:10:19','2026-05-12 05:10:19'),(13,15,6,100,'Donasi dari mitra','2025-03-30','2026-05-12 05:10:19','2026-05-12 05:10:19'),(14,6,11,8,'Penjualan event','2025-05-24','2026-05-12 05:10:19','2026-05-12 05:10:19'),(15,18,13,15,NULL,'2025-06-02','2026-05-12 05:10:19','2026-05-12 05:10:19'),(16,21,5,20,NULL,'2025-07-31','2026-05-12 05:10:19','2026-05-12 05:10:19'),(17,17,12,15,'Sample untuk customer','2025-08-26','2026-05-12 05:10:19','2026-05-12 05:10:19'),(18,12,9,10,'Koreksi stok minus','2025-02-28','2026-05-12 05:10:19','2026-05-12 05:10:19'),(19,10,12,20,'Dipakai untuk kebutuhan toko','2025-02-08','2026-05-12 05:10:19','2026-05-12 05:10:19'),(20,2,6,100,'Penambahan koreksi','2025-07-23','2026-05-12 05:10:19','2026-05-12 05:10:19'),(21,7,2,100,'Pembelian rutin mingguan','2025-03-11','2026-05-12 05:10:19','2026-05-12 05:10:19'),(22,23,4,100,'Pembelian rutin mingguan','2025-06-04','2026-05-12 05:10:19','2026-05-12 05:10:19'),(23,1,1,20,'Penambahan stok promo','2025-02-27','2026-05-12 05:10:19','2026-05-12 05:10:19'),(24,19,13,3,'Sample untuk customer','2025-02-08','2026-05-12 05:10:19','2026-05-12 05:10:19'),(25,1,10,3,NULL,'2025-06-19','2026-05-12 05:10:19','2026-05-12 05:10:19'),(26,23,7,20,'Stok awal toko','2025-06-25','2026-05-12 05:10:19','2026-05-12 05:10:19'),(27,8,3,5,'Penambahan stok promo','2025-08-18','2026-05-12 05:10:19','2026-05-12 05:10:19'),(28,21,6,10,'Pembelian dari supplier ABC','2025-06-04','2026-05-12 05:10:19','2026-05-12 05:10:19'),(29,7,10,3,'Dipakai untuk kebutuhan toko','2025-03-19','2026-05-12 05:10:19','2026-05-12 05:10:19'),(30,25,8,8,'Barang rusak dalam pengiriman','2025-06-09','2026-05-12 05:10:19','2026-05-12 05:10:19'),(31,3,12,5,'Penjualan harian','2025-01-10','2026-05-12 05:10:19','2026-05-12 05:10:19'),(32,7,3,200,'Stok awal toko','2025-01-03','2026-05-12 05:10:19','2026-05-12 05:10:19'),(33,20,12,20,NULL,'2025-03-06','2026-05-12 05:10:19','2026-05-12 05:10:19'),(34,14,6,50,'Penambahan stok promo','2025-07-08','2026-05-12 05:10:19','2026-05-12 05:10:19'),(35,12,9,20,NULL,'2025-07-27','2026-05-12 05:10:19','2026-05-12 05:10:19'),(36,16,7,5,'Hasil produksi internal','2025-07-11','2026-05-12 05:10:19','2026-05-12 05:10:19'),(37,10,4,30,'Penambahan stok promo','2025-02-16','2026-05-12 05:10:19','2026-05-12 05:10:19'),(38,10,2,100,'Donasi dari mitra','2025-06-24','2026-05-12 05:10:19','2026-05-12 05:10:19'),(39,2,10,8,'Barang rusak dalam pengiriman','2025-02-04','2026-05-12 05:10:19','2026-05-12 05:10:19'),(40,2,7,20,NULL,'2025-01-31','2026-05-12 05:10:19','2026-05-12 05:10:19'),(41,22,3,25,'Pembelian dari supplier ABC','2025-03-13','2026-05-12 05:10:19','2026-05-12 05:10:19'),(42,12,5,30,'Penambahan koreksi','2025-01-08','2026-05-12 05:10:19','2026-05-12 05:10:19'),(43,9,9,15,'Hilang saat stock opname','2025-06-10','2026-05-12 05:10:19','2026-05-12 05:10:19'),(44,7,8,15,'Hilang saat stock opname','2025-01-22','2026-05-12 05:10:19','2026-05-12 05:10:19'),(45,17,10,1,'Hilang saat stock opname','2025-02-17','2026-05-12 05:10:19','2026-05-12 05:10:19'),(46,25,9,8,'Penjualan harian','2025-03-10','2026-05-12 05:10:19','2026-05-12 05:10:19'),(47,3,3,100,'Stok awal toko','2025-01-08','2026-05-12 05:10:19','2026-05-12 05:10:19'),(48,4,3,30,'Pembelian dari supplier ABC','2025-02-22','2026-05-12 05:10:19','2026-05-12 05:10:19'),(49,19,4,5,NULL,'2025-05-27','2026-05-12 05:10:19','2026-05-12 05:10:19'),(50,8,9,8,'Sample untuk customer','2025-05-13','2026-05-12 05:10:19','2026-05-12 05:10:19'),(51,7,3,30,'Donasi dari mitra','2025-07-18','2026-05-12 05:10:19','2026-05-12 05:10:19'),(52,15,1,25,'Penambahan koreksi','2025-05-05','2026-05-12 05:10:19','2026-05-12 05:10:19'),(53,1,8,20,'Penjualan event','2025-08-02','2026-05-12 05:10:19','2026-05-12 05:10:19'),(54,13,6,25,'Donasi dari mitra','2025-07-26','2026-05-12 05:10:19','2026-05-12 05:10:19'),(55,16,10,3,'Penjualan event','2025-06-27','2026-05-12 05:10:19','2026-05-12 05:10:19'),(56,20,13,5,'Dipakai untuk kebutuhan toko','2025-01-31','2026-05-12 05:10:19','2026-05-12 05:10:19'),(57,5,4,50,'Stok awal toko','2025-04-21','2026-05-12 05:10:19','2026-05-12 05:10:19'),(58,4,3,500,'Stok awal toko','2025-01-05','2026-05-12 05:10:19','2026-05-12 05:10:19'),(59,25,12,15,'Penjualan harian','2025-05-03','2026-05-12 05:10:19','2026-05-12 05:10:19'),(60,10,3,250,'Stok awal toko','2025-01-03','2026-05-12 05:10:19','2026-05-12 05:10:19'),(61,11,14,5,'Penjualan harian','2025-05-19','2026-05-12 05:10:19','2026-05-12 05:10:19'),(62,17,6,50,'Hasil produksi internal','2025-08-16','2026-05-12 05:10:19','2026-05-12 05:10:19'),(63,1,5,10,'Donasi dari mitra','2025-05-08','2026-05-12 05:10:19','2026-05-12 05:10:19'),(64,22,7,25,'Stok awal toko','2025-02-03','2026-05-12 05:10:19','2026-05-12 05:10:19'),(65,14,4,15,'Penambahan stok promo','2025-02-05','2026-05-12 05:10:19','2026-05-12 05:10:19'),(66,10,10,3,'Hilang saat stock opname','2025-08-08','2026-05-12 05:10:19','2026-05-12 05:10:19'),(67,23,11,5,'Dipakai untuk kebutuhan toko','2025-07-23','2026-05-12 05:10:19','2026-05-12 05:10:19'),(68,13,7,25,'Penambahan stok promo','2025-03-06','2026-05-12 05:10:19','2026-05-12 05:10:19'),(69,23,9,5,NULL,'2025-05-23','2026-05-12 05:10:19','2026-05-12 05:10:19'),(70,24,6,50,'Pembelian dari supplier ABC','2025-02-22','2026-05-12 05:10:19','2026-05-12 05:10:19'),(71,17,8,15,NULL,'2025-03-20','2026-05-12 05:10:19','2026-05-12 05:10:19'),(72,15,5,15,'Hasil produksi internal','2025-04-10','2026-05-12 05:10:19','2026-05-12 05:10:19'),(73,25,5,50,'Restock awal bulan','2025-05-20','2026-05-12 05:10:19','2026-05-12 05:10:19'),(74,24,5,15,NULL,'2025-08-17','2026-05-12 05:10:19','2026-05-12 05:10:19'),(75,13,12,2,NULL,'2025-01-26','2026-05-12 05:10:19','2026-05-12 05:10:19'),(76,3,2,20,'Pembelian dari supplier ABC','2025-06-21','2026-05-12 05:10:19','2026-05-12 05:10:19'),(77,23,8,8,'Barang rusak dalam pengiriman','2025-05-28','2026-05-12 05:10:19','2026-05-12 05:10:19'),(78,16,14,3,'Sample untuk customer','2025-06-26','2026-05-12 05:10:19','2026-05-12 05:10:19'),(79,11,9,5,NULL,'2025-05-21','2026-05-12 05:10:19','2026-05-12 05:10:19'),(80,8,10,2,'Sample untuk customer','2025-07-18','2026-05-12 05:10:19','2026-05-12 05:10:19'),(81,17,13,2,'Donasi ke yayasan','2025-08-11','2026-05-12 05:10:19','2026-05-12 05:10:19'),(82,22,11,2,'Koreksi stok minus','2025-05-29','2026-05-12 05:10:19','2026-05-12 05:10:19'),(83,17,4,10,'Pembelian dari supplier ABC','2025-01-24','2026-05-12 05:10:19','2026-05-12 05:10:19'),(84,18,7,50,'Customer komplain, return barang','2025-04-01','2026-05-12 05:10:19','2026-05-12 05:10:19'),(85,13,3,1000,'Stok awal toko','2025-01-06','2026-05-12 05:10:19','2026-05-12 05:10:19'),(86,24,1,50,'Penambahan stok promo','2025-04-11','2026-05-12 05:10:19','2026-05-12 05:10:19'),(87,12,7,25,'Penambahan stok promo','2025-03-19','2026-05-12 05:10:19','2026-05-12 05:10:19'),(88,23,11,2,NULL,'2025-07-06','2026-05-12 05:10:19','2026-05-12 05:10:19'),(89,12,11,3,'Penjualan event','2025-02-11','2026-05-12 05:10:19','2026-05-12 05:10:19'),(90,7,8,3,'Penjualan event','2025-05-08','2026-05-12 05:10:19','2026-05-12 05:10:19'),(91,16,14,10,'Penjualan harian','2025-05-23','2026-05-12 05:10:19','2026-05-12 05:10:19'),(92,1,4,20,'Hasil produksi internal','2025-04-17','2026-05-12 05:10:19','2026-05-12 05:10:19'),(93,13,11,1,'Penjualan event','2025-02-07','2026-05-12 05:10:19','2026-05-12 05:10:19'),(94,5,6,25,'Stok awal toko','2025-06-30','2026-05-12 05:10:19','2026-05-12 05:10:19'),(95,3,5,5,'Pembelian rutin mingguan','2025-01-30','2026-05-12 05:10:19','2026-05-12 05:10:19'),(96,16,11,3,'Penjualan event','2025-07-04','2026-05-12 05:10:19','2026-05-12 05:10:19'),(97,10,12,20,NULL,'2025-02-27','2026-05-12 05:10:19','2026-05-12 05:10:19'),(98,7,10,20,'Sample untuk customer','2025-02-27','2026-05-12 05:10:19','2026-05-12 05:10:19'),(99,4,4,100,'Pembelian dari supplier ABC','2025-02-07','2026-05-12 05:10:19','2026-05-12 05:10:19'),(100,1,13,1,NULL,'2025-07-14','2026-05-12 05:10:19','2026-05-12 05:10:19'),(101,6,5,100,'Penambahan stok promo','2025-04-29','2026-05-12 05:10:19','2026-05-12 05:10:19'),(102,16,2,15,'Stok awal toko','2025-04-24','2026-05-12 05:10:19','2026-05-12 05:10:19'),(103,4,14,8,NULL,'2025-03-03','2026-05-12 05:10:19','2026-05-12 05:10:19'),(104,13,1,100,'Hasil produksi internal','2025-02-23','2026-05-12 05:10:19','2026-05-12 05:10:19'),(105,14,3,20,'Donasi dari mitra','2025-06-18','2026-05-12 05:10:19','2026-05-12 05:10:19'),(106,15,11,3,'Sample untuk customer','2025-01-12','2026-05-12 05:10:19','2026-05-12 05:10:19'),(107,17,4,15,'Pembelian rutin mingguan','2025-05-10','2026-05-12 05:10:19','2026-05-12 05:10:19'),(108,9,8,3,'Barang rusak dalam pengiriman','2025-03-26','2026-05-12 05:10:19','2026-05-12 05:10:19'),(109,18,12,20,'Koreksi stok minus','2025-03-14','2026-05-12 05:10:19','2026-05-12 05:10:19'),(110,18,9,3,'Hilang saat stock opname','2025-05-17','2026-05-12 05:10:19','2026-05-12 05:10:19'),(111,12,13,20,'Dipakai untuk kebutuhan toko','2025-01-31','2026-05-12 05:10:19','2026-05-12 05:10:19'),(112,10,12,2,'Penjualan event','2025-06-01','2026-05-12 05:10:19','2026-05-12 05:10:19'),(113,16,4,15,'Penambahan koreksi','2025-01-14','2026-05-12 05:10:19','2026-05-12 05:10:19'),(114,15,14,2,'Penjualan harian','2025-01-28','2026-05-12 05:10:19','2026-05-12 05:10:19'),(115,1,8,1,'Penjualan harian','2025-01-30','2026-05-12 05:10:19','2026-05-12 05:10:19'),(116,4,6,20,'Restock awal bulan','2025-05-31','2026-05-12 05:10:19','2026-05-12 05:10:19'),(117,9,5,5,'Customer komplain, return barang','2025-03-25','2026-05-12 05:10:19','2026-05-12 05:10:19'),(118,8,6,30,'Hasil produksi internal','2025-03-31','2026-05-12 05:10:19','2026-05-12 05:10:19'),(119,6,6,20,'Penambahan stok promo','2025-02-04','2026-05-12 05:10:19','2026-05-12 05:10:19'),(120,10,1,30,'Donasi dari mitra','2025-03-11','2026-05-12 05:10:19','2026-05-12 05:10:19'),(121,12,1,15,'Pembelian rutin mingguan','2025-03-13','2026-05-12 05:10:19','2026-05-12 05:10:19'),(122,15,9,15,'Sample untuk customer','2025-05-30','2026-05-12 05:10:19','2026-05-12 05:10:19'),(123,19,12,10,'Penjualan harian','2025-07-17','2026-05-12 05:10:19','2026-05-12 05:10:19'),(124,20,7,10,'Donasi dari mitra','2025-08-31','2026-05-12 05:10:19','2026-05-12 05:10:19'),(125,7,2,15,'Pembelian rutin mingguan','2025-04-09','2026-05-12 05:10:19','2026-05-12 05:10:19'),(126,22,6,30,'Hasil produksi internal','2025-08-30','2026-05-12 05:10:19','2026-05-12 05:10:19'),(127,11,6,5,'Stok awal toko','2025-03-07','2026-05-12 05:10:19','2026-05-12 05:10:19'),(128,16,8,1,'Donasi ke yayasan','2025-03-19','2026-05-12 05:10:19','2026-05-12 05:10:19'),(129,20,3,500,'Stok awal toko','2025-01-03','2026-05-12 05:10:19','2026-05-12 05:10:19'),(130,13,9,3,'Dipakai untuk kebutuhan toko','2025-08-20','2026-05-12 05:10:19','2026-05-12 05:10:19'),(131,11,5,5,'Hasil produksi internal','2025-06-18','2026-05-12 05:10:19','2026-05-12 05:10:19'),(132,18,3,15,'Penambahan koreksi','2025-06-29','2026-05-12 05:10:19','2026-05-12 05:10:19'),(133,19,1,25,'Donasi dari mitra','2025-07-03','2026-05-12 05:10:19','2026-05-12 05:10:19'),(134,11,13,20,'Barang rusak dalam pengiriman','2025-08-15','2026-05-12 05:10:19','2026-05-12 05:10:19'),(135,1,3,5,'Hasil produksi internal','2025-05-16','2026-05-12 05:10:19','2026-05-12 05:10:19'),(136,8,12,20,'Koreksi stok minus','2025-07-23','2026-05-12 05:10:19','2026-05-12 05:10:19'),(137,8,7,25,'Customer komplain, return barang','2025-07-09','2026-05-12 05:10:19','2026-05-12 05:10:19'),(138,13,3,50,'Restock awal bulan','2025-03-16','2026-05-12 05:10:19','2026-05-12 05:10:19'),(139,15,3,150,'Stok awal toko','2025-01-04','2026-05-12 05:10:19','2026-05-12 05:10:19'),(140,3,5,20,NULL,'2025-01-13','2026-05-12 05:10:19','2026-05-12 05:10:19'),(141,8,13,5,'Sample untuk customer','2025-01-24','2026-05-12 05:10:19','2026-05-12 05:10:19'),(142,11,11,3,'Barang rusak dalam pengiriman','2025-02-07','2026-05-12 05:10:19','2026-05-12 05:10:19'),(143,25,9,10,'Dipakai untuk kebutuhan toko','2025-03-17','2026-05-12 05:10:19','2026-05-12 05:10:19'),(144,7,11,3,'Sample untuk customer','2025-06-17','2026-05-12 05:10:19','2026-05-12 05:10:19'),(145,7,12,2,'Penjualan harian','2025-03-01','2026-05-12 05:10:19','2026-05-12 05:10:19'),(146,1,3,50,'Restock awal bulan','2025-04-07','2026-05-12 05:10:19','2026-05-12 05:10:19'),(147,25,13,8,'Hilang saat stock opname','2025-02-20','2026-05-12 05:10:19','2026-05-12 05:10:19'),(148,10,6,25,'Pembelian rutin mingguan','2025-06-30','2026-05-12 05:10:19','2026-05-12 05:10:19'),(149,20,1,5,'Pembelian dari supplier ABC','2025-03-09','2026-05-12 05:10:19','2026-05-12 05:10:19'),(150,21,6,10,'Pembelian rutin mingguan','2025-07-09','2026-05-12 05:10:19','2026-05-12 05:10:19'),(151,5,8,10,'Donasi ke yayasan','2025-02-11','2026-05-12 05:10:19','2026-05-12 05:10:19'),(152,4,13,10,'Hilang saat stock opname','2025-08-03','2026-05-12 05:10:19','2026-05-12 05:10:19'),(153,24,8,1,'Sample untuk customer','2025-02-15','2026-05-12 05:10:19','2026-05-12 05:10:19'),(154,11,3,150,'Stok awal toko','2025-01-05','2026-05-12 05:10:19','2026-05-12 05:10:19'),(155,9,2,25,'Donasi dari mitra','2025-03-02','2026-05-12 05:10:19','2026-05-12 05:10:19'),(156,17,13,5,'Hilang saat stock opname','2025-03-14','2026-05-12 05:10:19','2026-05-12 05:10:19'),(157,16,13,1,'Penjualan event','2025-06-05','2026-05-12 05:10:19','2026-05-12 05:10:19'),(158,5,11,8,'Sample untuk customer','2025-06-09','2026-05-12 05:10:19','2026-05-12 05:10:19'),(159,23,11,20,'Sample untuk customer','2025-05-11','2026-05-12 05:10:19','2026-05-12 05:10:19'),(160,1,5,5,'Pembelian dari supplier ABC','2025-04-10','2026-05-12 05:10:19','2026-05-12 05:10:19'),(161,5,13,5,'Koreksi stok minus','2025-01-25','2026-05-12 05:10:19','2026-05-12 05:10:19'),(162,6,5,15,'Hasil produksi internal','2025-07-14','2026-05-12 05:10:19','2026-05-12 05:10:19'),(163,21,9,5,'Hilang saat stock opname','2025-02-10','2026-05-12 05:10:19','2026-05-12 05:10:19'),(164,22,9,10,'Penjualan harian','2025-01-22','2026-05-12 05:10:19','2026-05-12 05:10:19'),(165,8,13,1,'Hilang saat stock opname','2025-01-27','2026-05-12 05:10:19','2026-05-12 05:10:19'),(166,24,4,5,'Stok awal toko','2025-01-09','2026-05-12 05:10:19','2026-05-12 05:10:19'),(167,1,8,8,'Penjualan harian','2025-08-02','2026-05-12 05:10:19','2026-05-12 05:10:19'),(168,25,1,5,'Hasil produksi internal','2025-05-20','2026-05-12 05:10:19','2026-05-12 05:10:19'),(169,14,12,15,NULL,'2025-05-23','2026-05-12 05:10:19','2026-05-12 05:10:19'),(170,2,13,5,NULL,'2025-01-24','2026-05-12 05:10:19','2026-05-12 05:10:19'),(171,24,3,1000,'Stok awal toko','2025-01-07','2026-05-12 05:10:19','2026-05-12 05:10:19'),(172,5,11,15,'Sample untuk customer','2025-05-12','2026-05-12 05:10:19','2026-05-12 05:10:19'),(173,23,8,15,'Dipakai untuk kebutuhan toko','2025-03-04','2026-05-12 05:10:19','2026-05-12 05:10:19'),(174,13,12,10,NULL,'2025-05-18','2026-05-12 05:10:19','2026-05-12 05:10:19'),(175,23,6,20,'Customer komplain, return barang','2025-05-10','2026-05-12 05:10:19','2026-05-12 05:10:19'),(176,8,13,5,'Penjualan event','2025-05-10','2026-05-12 05:10:19','2026-05-12 05:10:19'),(177,17,5,5,'Stok awal toko','2025-03-24','2026-05-12 05:10:19','2026-05-12 05:10:19'),(178,4,3,30,'Restock awal bulan','2025-07-25','2026-05-12 05:10:19','2026-05-12 05:10:19'),(179,7,6,5,'Customer komplain, return barang','2025-05-03','2026-05-12 05:10:19','2026-05-12 05:10:19'),(180,14,8,2,'Penjualan harian','2025-02-18','2026-05-12 05:10:19','2026-05-12 05:10:19'),(181,18,9,15,NULL,'2025-06-13','2026-05-12 05:10:19','2026-05-12 05:10:19'),(182,5,6,30,'Customer komplain, return barang','2025-02-10','2026-05-12 05:10:19','2026-05-12 05:10:19'),(183,1,5,10,NULL,'2025-02-18','2026-05-12 05:10:19','2026-05-12 05:10:19'),(184,14,14,8,'Barang rusak dalam pengiriman','2025-06-30','2026-05-12 05:10:19','2026-05-12 05:10:19'),(185,7,12,8,'Penjualan event','2025-06-17','2026-05-12 05:10:19','2026-05-12 05:10:19'),(186,18,11,20,'Koreksi stok minus','2025-06-29','2026-05-12 05:10:19','2026-05-12 05:10:19'),(187,15,7,20,'Penambahan koreksi','2025-05-20','2026-05-12 05:10:19','2026-05-12 05:10:19'),(188,16,1,25,'Donasi dari mitra','2025-08-08','2026-05-12 05:10:19','2026-05-12 05:10:19'),(189,3,11,20,'Dipakai untuk kebutuhan toko','2025-01-18','2026-05-12 05:10:19','2026-05-12 05:10:19'),(190,20,8,8,NULL,'2025-02-15','2026-05-12 05:10:19','2026-05-12 05:10:19'),(191,25,9,10,'Hilang saat stock opname','2025-03-04','2026-05-12 05:10:19','2026-05-12 05:10:19'),(192,25,2,10,'Pembelian rutin mingguan','2025-05-21','2026-05-12 05:10:19','2026-05-12 05:10:19'),(193,25,7,5,'Penambahan stok promo','2025-07-23','2026-05-12 05:10:19','2026-05-12 05:10:19'),(194,9,11,15,NULL,'2025-08-27','2026-05-12 05:10:19','2026-05-12 05:10:19'),(195,5,14,20,'Penjualan harian','2025-02-20','2026-05-12 05:10:19','2026-05-12 05:10:19'),(196,25,10,3,'Penjualan event','2025-04-08','2026-05-12 05:10:19','2026-05-12 05:10:19'),(197,18,14,8,'Koreksi stok minus','2025-02-16','2026-05-12 05:10:19','2026-05-12 05:10:19'),(198,11,9,8,'Sample untuk customer','2025-07-15','2026-05-12 05:10:19','2026-05-12 05:10:19'),(199,2,3,500,'Stok awal toko','2025-01-07','2026-05-12 05:10:19','2026-05-12 05:10:19'),(200,8,13,1,'Barang rusak dalam pengiriman','2025-06-20','2026-05-12 05:10:19','2026-05-12 05:10:19'),(201,16,13,2,'Penjualan event','2025-03-19','2026-05-12 05:10:19','2026-05-12 05:10:19'),(202,20,3,10,'Customer komplain, return barang','2025-05-24','2026-05-12 05:10:19','2026-05-12 05:10:19'),(203,4,8,2,'Penjualan event','2025-08-01','2026-05-12 05:10:19','2026-05-12 05:10:19'),(204,3,10,5,'Donasi ke yayasan','2025-08-09','2026-05-12 05:10:19','2026-05-12 05:10:19'),(205,12,1,20,'Penambahan stok promo','2025-01-30','2026-05-12 05:10:19','2026-05-12 05:10:19'),(206,22,5,10,'Pembelian rutin mingguan','2025-03-23','2026-05-12 05:10:19','2026-05-12 05:10:19'),(207,7,12,20,'Dipakai untuk kebutuhan toko','2025-04-07','2026-05-12 05:10:19','2026-05-12 05:10:19'),(208,15,14,1,NULL,'2025-08-18','2026-05-12 05:10:19','2026-05-12 05:10:19'),(209,22,12,1,'Penjualan event','2025-08-09','2026-05-12 05:10:19','2026-05-12 05:10:19'),(210,24,8,8,'Donasi ke yayasan','2025-04-08','2026-05-12 05:10:19','2026-05-12 05:10:19'),(211,4,13,1,NULL,'2025-04-09','2026-05-12 05:10:19','2026-05-12 05:10:19'),(212,12,1,100,'Customer komplain, return barang','2025-04-26','2026-05-12 05:10:19','2026-05-12 05:10:19'),(213,4,10,2,'Dipakai untuk kebutuhan toko','2025-02-10','2026-05-12 05:10:19','2026-05-12 05:10:19'),(214,16,12,20,'Donasi ke yayasan','2025-05-12','2026-05-12 05:10:19','2026-05-12 05:10:19'),(215,15,9,20,NULL,'2025-07-21','2026-05-12 05:10:19','2026-05-12 05:10:19'),(216,2,2,5,'Restock awal bulan','2025-05-30','2026-05-12 05:10:19','2026-05-12 05:10:19'),(217,4,10,8,NULL,'2025-05-15','2026-05-12 05:10:19','2026-05-12 05:10:19'),(218,11,8,15,'Penjualan harian','2025-08-23','2026-05-12 05:10:19','2026-05-12 05:10:19'),(219,24,6,30,'Penambahan koreksi','2025-06-03','2026-05-12 05:10:19','2026-05-12 05:10:19'),(220,6,9,2,'Sample untuk customer','2025-04-16','2026-05-12 05:10:19','2026-05-12 05:10:19'),(221,7,11,8,'Koreksi stok minus','2025-03-13','2026-05-12 05:10:19','2026-05-12 05:10:19'),(222,22,13,5,'Barang rusak dalam pengiriman','2025-04-23','2026-05-12 05:10:19','2026-05-12 05:10:19'),(223,10,6,10,'Restock awal bulan','2025-02-01','2026-05-12 05:10:19','2026-05-12 05:10:19'),(224,15,11,1,NULL,'2025-06-27','2026-05-12 05:10:19','2026-05-12 05:10:19'),(225,1,2,25,'Customer komplain, return barang','2025-02-27','2026-05-12 05:10:19','2026-05-12 05:10:19'),(226,3,12,3,'Dipakai untuk kebutuhan toko','2025-06-03','2026-05-12 05:10:19','2026-05-12 05:10:19'),(227,23,8,8,NULL,'2025-02-24','2026-05-12 05:10:19','2026-05-12 05:10:19'),(228,15,4,5,'Restock awal bulan','2025-05-12','2026-05-12 05:10:19','2026-05-12 05:10:19'),(229,3,9,2,NULL,'2025-01-17','2026-05-12 05:10:19','2026-05-12 05:10:19'),(230,17,7,50,'Penambahan koreksi','2025-02-25','2026-05-12 05:10:19','2026-05-12 05:10:19'),(231,16,13,1,NULL,'2025-02-23','2026-05-12 05:10:19','2026-05-12 05:10:19'),(232,23,6,50,'Donasi dari mitra','2025-02-23','2026-05-12 05:10:19','2026-05-12 05:10:19'),(233,25,4,5,'Restock awal bulan','2025-08-07','2026-05-12 05:10:19','2026-05-12 05:10:19'),(234,1,10,2,'Penjualan harian','2025-08-11','2026-05-12 05:10:19','2026-05-12 05:10:19'),(235,3,13,20,NULL,'2025-01-21','2026-05-12 05:10:19','2026-05-12 05:10:19'),(236,24,14,5,'Hilang saat stock opname','2025-03-12','2026-05-12 05:10:19','2026-05-12 05:10:19'),(237,2,13,10,'Barang rusak dalam pengiriman','2025-02-10','2026-05-12 05:10:19','2026-05-12 05:10:19'),(238,20,4,15,'Pembelian dari supplier ABC','2025-05-11','2026-05-12 05:10:19','2026-05-12 05:10:19'),(239,5,7,30,NULL,'2025-07-08','2026-05-12 05:10:19','2026-05-12 05:10:19'),(240,12,3,150,'Stok awal toko','2025-01-08','2026-05-12 05:10:19','2026-05-12 05:10:19'),(241,7,5,5,'Stok awal toko','2025-01-17','2026-05-12 05:10:19','2026-05-12 05:10:19'),(242,21,7,15,'Pembelian rutin mingguan','2025-02-23','2026-05-12 05:10:19','2026-05-12 05:10:19'),(243,5,9,5,'Sample untuk customer','2025-03-31','2026-05-12 05:10:19','2026-05-12 05:10:19'),(244,15,2,20,'Restock awal bulan','2025-05-29','2026-05-12 05:10:19','2026-05-12 05:10:19'),(245,6,9,3,'Barang rusak dalam pengiriman','2025-05-22','2026-05-12 05:10:19','2026-05-12 05:10:19'),(246,19,2,20,'Donasi dari mitra','2025-02-27','2026-05-12 05:10:19','2026-05-12 05:10:19'),(247,3,5,10,'Pembelian rutin mingguan','2025-04-02','2026-05-12 05:10:19','2026-05-12 05:10:19'),(248,21,8,20,'Sample untuk customer','2025-05-14','2026-05-12 05:10:19','2026-05-12 05:10:19'),(249,11,10,10,'Dipakai untuk kebutuhan toko','2025-06-25','2026-05-12 05:10:19','2026-05-12 05:10:19'),(250,15,7,50,'Customer komplain, return barang','2025-05-16','2026-05-12 05:10:19','2026-05-12 05:10:19'),(251,13,3,25,'Penambahan stok promo','2025-06-05','2026-05-12 05:10:19','2026-05-12 05:10:19'),(252,18,8,10,'Sample untuk customer','2025-03-03','2026-05-12 05:10:19','2026-05-12 05:10:19'),(253,5,4,15,'Customer komplain, return barang','2025-03-09','2026-05-12 05:10:19','2026-05-12 05:10:19'),(254,18,6,5,'Hasil produksi internal','2025-04-29','2026-05-12 05:10:19','2026-05-12 05:10:19'),(255,10,3,5,'Donasi dari mitra','2025-04-05','2026-05-12 05:10:19','2026-05-12 05:10:19'),(256,4,3,30,'Stok awal toko','2025-08-13','2026-05-12 05:10:19','2026-05-12 05:10:19'),(257,9,8,10,'Koreksi stok minus','2025-08-26','2026-05-12 05:10:19','2026-05-12 05:10:19'),(258,1,9,2,'Sample untuk customer','2025-03-22','2026-05-12 05:10:19','2026-05-12 05:10:19'),(259,19,13,3,'Dipakai untuk kebutuhan toko','2025-03-09','2026-05-12 05:10:19','2026-05-12 05:10:19'),(260,9,6,15,'Penambahan koreksi','2025-05-28','2026-05-12 05:10:19','2026-05-12 05:10:19'),(261,23,4,100,'Donasi dari mitra','2025-02-12','2026-05-12 05:10:19','2026-05-12 05:10:19'),(262,22,9,15,'Koreksi stok minus','2025-05-12','2026-05-12 05:10:19','2026-05-12 05:10:19'),(263,16,5,25,'Hasil produksi internal','2025-02-26','2026-05-12 05:10:19','2026-05-12 05:10:19'),(264,14,4,100,'Restock awal bulan','2025-03-10','2026-05-12 05:10:19','2026-05-12 05:10:19'),(265,8,11,10,NULL,'2025-04-08','2026-05-12 05:10:19','2026-05-12 05:10:19'),(266,6,3,15,'Pembelian rutin mingguan','2025-02-14','2026-05-12 05:10:19','2026-05-12 05:10:19'),(267,9,13,1,NULL,'2025-03-29','2026-05-12 05:10:19','2026-05-12 05:10:19'),(268,20,9,15,'Sample untuk customer','2025-07-06','2026-05-12 05:10:19','2026-05-12 05:10:19'),(269,11,12,15,'Sample untuk customer','2025-03-13','2026-05-12 05:10:19','2026-05-12 05:10:19'),(270,14,13,3,'Hilang saat stock opname','2025-08-11','2026-05-12 05:10:19','2026-05-12 05:10:19'),(271,18,11,15,'Hilang saat stock opname','2025-01-19','2026-05-12 05:10:19','2026-05-12 05:10:19'),(272,9,12,8,'Penjualan event','2025-06-02','2026-05-12 05:10:19','2026-05-12 05:10:19'),(273,10,1,10,'Pembelian rutin mingguan','2025-03-14','2026-05-12 05:10:19','2026-05-12 05:10:19'),(274,13,9,2,'Koreksi stok minus','2025-04-24','2026-05-12 05:10:19','2026-05-12 05:10:19'),(275,22,1,10,'Pembelian dari supplier ABC','2025-08-15','2026-05-12 05:10:19','2026-05-12 05:10:19'),(276,7,12,2,'Donasi ke yayasan','2025-05-21','2026-05-12 05:10:19','2026-05-12 05:10:19'),(277,6,14,20,'Penjualan event','2025-07-24','2026-05-12 05:10:19','2026-05-12 05:10:19'),(278,8,12,5,'Barang rusak dalam pengiriman','2025-01-15','2026-05-12 05:10:19','2026-05-12 05:10:19'),(279,4,14,20,NULL,'2025-06-15','2026-05-12 05:10:19','2026-05-12 05:10:19'),(280,15,14,5,NULL,'2025-06-13','2026-05-12 05:10:19','2026-05-12 05:10:19'),(281,24,13,3,'Sample untuk customer','2025-07-20','2026-05-12 05:10:19','2026-05-12 05:10:19'),(282,13,4,20,'Stok awal toko','2025-08-23','2026-05-12 05:10:19','2026-05-12 05:10:19'),(283,16,8,5,'Donasi ke yayasan','2025-08-25','2026-05-12 05:10:19','2026-05-12 05:10:19'),(284,20,12,2,NULL,'2025-03-26','2026-05-12 05:10:19','2026-05-12 05:10:19'),(285,16,13,10,'Penjualan harian','2025-08-20','2026-05-12 05:10:19','2026-05-12 05:10:19'),(286,17,8,8,NULL,'2025-03-09','2026-05-12 05:10:19','2026-05-12 05:10:19'),(287,3,14,1,'Dipakai untuk kebutuhan toko','2025-01-15','2026-05-12 05:10:19','2026-05-12 05:10:19'),(288,18,1,30,'Penambahan koreksi','2025-02-23','2026-05-12 05:10:19','2026-05-12 05:10:19'),(289,10,11,2,'Barang rusak dalam pengiriman','2025-03-27','2026-05-12 05:10:19','2026-05-12 05:10:19'),(290,10,9,3,'Barang rusak dalam pengiriman','2025-03-29','2026-05-12 05:10:19','2026-05-12 05:10:19'),(291,18,9,10,'Barang rusak dalam pengiriman','2025-06-01','2026-05-12 05:10:19','2026-05-12 05:10:19'),(292,8,13,5,'Koreksi stok minus','2025-06-28','2026-05-12 05:10:19','2026-05-12 05:10:19'),(293,4,4,30,'Penambahan stok promo','2025-08-24','2026-05-12 05:10:19','2026-05-12 05:10:19'),(294,13,1,5,'Pembelian dari supplier ABC','2025-03-05','2026-05-12 05:10:19','2026-05-12 05:10:19'),(295,23,5,10,'Pembelian rutin mingguan','2025-05-01','2026-05-12 05:10:19','2026-05-12 05:10:19'),(296,2,4,25,'Penambahan koreksi','2025-08-26','2026-05-12 05:10:19','2026-05-12 05:10:19'),(297,12,2,100,'Customer komplain, return barang','2025-04-12','2026-05-12 05:10:19','2026-05-12 05:10:19'),(298,5,8,8,'Dipakai untuk kebutuhan toko','2025-07-18','2026-05-12 05:10:19','2026-05-12 05:10:19'),(299,2,12,10,'Penjualan harian','2025-04-15','2026-05-12 05:10:19','2026-05-12 05:10:19'),(300,14,5,30,'Customer komplain, return barang','2025-06-18','2026-05-12 05:10:19','2026-05-12 05:10:19'),(301,20,14,2,'Penjualan harian','2025-06-14','2026-05-12 05:10:19','2026-05-12 05:10:19'),(302,18,6,10,'Customer komplain, return barang','2025-06-19','2026-05-12 05:10:19','2026-05-12 05:10:19'),(303,3,8,3,'Koreksi stok minus','2025-06-30','2026-05-12 05:10:19','2026-05-12 05:10:19'),(304,19,3,1000,'Stok awal toko','2025-01-01','2026-05-12 05:10:19','2026-05-12 05:10:19'),(305,10,12,1,'Koreksi stok minus','2025-05-07','2026-05-12 05:10:19','2026-05-12 05:10:19'),(306,17,14,1,'Sample untuk customer','2025-05-16','2026-05-12 05:10:19','2026-05-12 05:10:19'),(307,11,1,15,NULL,'2025-07-21','2026-05-12 05:10:19','2026-05-12 05:10:19'),(308,4,13,1,'Koreksi stok minus','2025-05-20','2026-05-12 05:10:19','2026-05-12 05:10:19'),(309,21,5,100,'Pembelian rutin mingguan','2025-05-01','2026-05-12 05:10:19','2026-05-12 05:10:19'),(310,18,1,50,'Penambahan koreksi','2025-04-10','2026-05-12 05:10:19','2026-05-12 05:10:19'),(311,24,14,10,'Sample untuk customer','2025-04-30','2026-05-12 05:10:19','2026-05-12 05:10:19'),(312,19,14,1,NULL,'2025-07-02','2026-05-12 05:10:19','2026-05-12 05:10:19'),(313,3,4,10,'Pembelian dari supplier ABC','2025-08-26','2026-05-12 05:10:19','2026-05-12 05:10:19'),(314,4,1,15,'Customer komplain, return barang','2025-05-05','2026-05-12 05:10:19','2026-05-12 05:10:19'),(315,16,12,1,'Hilang saat stock opname','2025-05-28','2026-05-12 05:10:19','2026-05-12 05:10:19'),(316,22,3,100,'Stok awal toko','2025-03-07','2026-05-12 05:10:19','2026-05-12 05:10:19'),(317,18,5,30,'Hasil produksi internal','2025-08-02','2026-05-12 05:10:19','2026-05-12 05:10:19'),(318,17,5,30,'Customer komplain, return barang','2025-04-15','2026-05-12 05:10:19','2026-05-12 05:10:19'),(319,23,14,5,'Penjualan event','2025-07-08','2026-05-12 05:10:19','2026-05-12 05:10:19'),(320,7,6,25,'Donasi dari mitra','2025-07-25','2026-05-12 05:10:19','2026-05-12 05:10:19'),(321,25,12,8,'Hilang saat stock opname','2025-03-11','2026-05-12 05:10:19','2026-05-12 05:10:19'),(322,6,4,50,'Donasi dari mitra','2025-04-11','2026-05-12 05:10:19','2026-05-12 05:10:19'),(323,9,14,10,'Hilang saat stock opname','2025-07-07','2026-05-12 05:10:19','2026-05-12 05:10:19'),(324,12,12,1,'Hilang saat stock opname','2025-02-17','2026-05-12 05:10:19','2026-05-12 05:10:19'),(325,19,12,15,NULL,'2025-02-15','2026-05-12 05:10:19','2026-05-12 05:10:19'),(326,1,10,3,NULL,'2025-01-23','2026-05-12 05:10:19','2026-05-12 05:10:19'),(327,3,2,20,'Customer komplain, return barang','2025-04-12','2026-05-12 05:10:19','2026-05-12 05:10:19'),(328,4,7,15,'Pembelian rutin mingguan','2025-05-10','2026-05-12 05:10:19','2026-05-12 05:10:19'),(329,9,13,2,'Sample untuk customer','2025-03-10','2026-05-12 05:10:19','2026-05-12 05:10:19'),(330,20,14,20,'Koreksi stok minus','2025-05-13','2026-05-12 05:10:19','2026-05-12 05:10:19'),(331,15,12,15,'Penjualan harian','2025-07-14','2026-05-12 05:10:19','2026-05-12 05:10:19'),(332,13,6,50,'Pembelian rutin mingguan','2025-05-11','2026-05-12 05:10:19','2026-05-12 05:10:19'),(333,22,11,2,NULL,'2025-04-17','2026-05-12 05:10:19','2026-05-12 05:10:19'),(334,13,12,2,'Dipakai untuk kebutuhan toko','2025-04-13','2026-05-12 05:10:19','2026-05-12 05:10:19'),(335,2,1,15,'Hasil produksi internal','2025-05-14','2026-05-12 05:10:19','2026-05-12 05:10:19'),(336,13,12,10,'Dipakai untuk kebutuhan toko','2025-06-09','2026-05-12 05:10:19','2026-05-12 05:10:19'),(337,13,14,15,'Sample untuk customer','2025-02-14','2026-05-12 05:10:19','2026-05-12 05:10:19'),(338,22,3,150,'Stok awal toko','2025-01-08','2026-05-12 05:10:19','2026-05-12 05:10:19'),(339,23,3,250,'Stok awal toko','2025-01-04','2026-05-12 05:10:19','2026-05-12 05:10:19'),(340,10,4,20,'Penambahan koreksi','2025-02-04','2026-05-12 05:10:19','2026-05-12 05:10:19'),(341,14,4,100,'Restock awal bulan','2025-07-19','2026-05-12 05:10:19','2026-05-12 05:10:19'),(342,17,12,5,'Penjualan harian','2025-02-09','2026-05-12 05:10:19','2026-05-12 05:10:19'),(343,25,13,15,NULL,'2025-04-22','2026-05-12 05:10:19','2026-05-12 05:10:19'),(344,19,4,10,'Restock awal bulan','2025-06-02','2026-05-12 05:10:19','2026-05-12 05:10:19'),(345,19,10,15,'Donasi ke yayasan','2025-08-05','2026-05-12 05:10:19','2026-05-12 05:10:19'),(346,15,10,3,'Koreksi stok minus','2025-08-11','2026-05-12 05:10:19','2026-05-12 05:10:19'),(347,5,7,100,'Hasil produksi internal','2025-08-26','2026-05-12 05:10:19','2026-05-12 05:10:19'),(348,9,5,15,'Donasi dari mitra','2025-01-16','2026-05-12 05:10:19','2026-05-12 05:10:19'),(349,12,9,20,'Penjualan event','2025-04-29','2026-05-12 05:10:19','2026-05-12 05:10:19'),(350,10,9,10,'Hilang saat stock opname','2025-03-23','2026-05-12 05:10:19','2026-05-12 05:10:19'),(351,20,5,100,'Restock awal bulan','2025-08-19','2026-05-12 05:10:19','2026-05-12 05:10:19'),(352,11,9,8,NULL,'2025-03-17','2026-05-12 05:10:19','2026-05-12 05:10:19'),(353,9,3,50,'Pembelian dari supplier ABC','2025-03-29','2026-05-12 05:10:19','2026-05-12 05:10:19'),(354,9,14,15,'Donasi ke yayasan','2025-06-02','2026-05-12 05:10:19','2026-05-12 05:10:19'),(355,21,12,10,NULL,'2025-02-05','2026-05-12 05:10:19','2026-05-12 05:10:19'),(356,18,2,10,'Restock awal bulan','2025-04-30','2026-05-12 05:10:19','2026-05-12 05:10:19'),(357,2,6,20,'Restock awal bulan','2025-08-08','2026-05-12 05:10:19','2026-05-12 05:10:19'),(358,19,7,10,'Penambahan koreksi','2025-02-02','2026-05-12 05:10:19','2026-05-12 05:10:19'),(359,12,2,25,'Pembelian dari supplier ABC','2025-06-18','2026-05-12 05:10:19','2026-05-12 05:10:19'),(360,11,11,15,'Penjualan event','2025-04-25','2026-05-12 05:10:19','2026-05-12 05:10:19'),(361,20,9,2,'Koreksi stok minus','2025-08-03','2026-05-12 05:10:19','2026-05-12 05:10:19'),(362,21,1,30,'Pembelian rutin mingguan','2025-02-08','2026-05-12 05:10:19','2026-05-12 05:10:19'),(363,13,3,5,'Hasil produksi internal','2025-06-04','2026-05-12 05:10:19','2026-05-12 05:10:19'),(364,24,7,5,'Stok awal toko','2025-04-01','2026-05-12 05:10:19','2026-05-12 05:10:19'),(365,6,4,25,'Customer komplain, return barang','2025-04-02','2026-05-12 05:10:19','2026-05-12 05:10:19'),(366,19,14,20,'Sample untuk customer','2025-04-03','2026-05-12 05:10:19','2026-05-12 05:10:19'),(367,20,10,8,'Barang rusak dalam pengiriman','2025-04-24','2026-05-12 05:10:19','2026-05-12 05:10:19'),(368,21,10,2,'Koreksi stok minus','2025-06-17','2026-05-12 05:10:19','2026-05-12 05:10:19'),(369,23,2,10,'Customer komplain, return barang','2025-08-25','2026-05-12 05:10:19','2026-05-12 05:10:19'),(370,2,14,10,'Penjualan harian','2025-05-27','2026-05-12 05:10:19','2026-05-12 05:10:19'),(371,21,6,5,'Penambahan stok promo','2025-03-29','2026-05-12 05:10:19','2026-05-12 05:10:19'),(372,2,5,30,'Pembelian dari supplier ABC','2025-04-30','2026-05-12 05:10:19','2026-05-12 05:10:19'),(373,6,1,20,'Stok awal toko','2025-04-12','2026-05-12 05:10:19','2026-05-12 05:10:19'),(374,20,5,50,'Pembelian dari supplier ABC','2025-04-09','2026-05-12 05:10:19','2026-05-12 05:10:19'),(375,11,12,20,'Sample untuk customer','2025-05-18','2026-05-12 05:10:19','2026-05-12 05:10:19'),(376,14,14,1,'Donasi ke yayasan','2025-02-24','2026-05-12 05:10:19','2026-05-12 05:10:19'),(377,11,11,1,'Penjualan event','2025-05-27','2026-05-12 05:10:19','2026-05-12 05:10:19'),(378,13,11,3,'Donasi ke yayasan','2025-01-22','2026-05-12 05:10:19','2026-05-12 05:10:19'),(379,10,14,5,'Penjualan event','2025-04-10','2026-05-12 05:10:19','2026-05-12 05:10:19'),(380,17,11,3,'Donasi ke yayasan','2025-03-13','2026-05-12 05:10:19','2026-05-12 05:10:19'),(381,13,11,5,'Penjualan event','2025-05-18','2026-05-12 05:10:19','2026-05-12 05:10:19'),(382,14,8,3,'Dipakai untuk kebutuhan toko','2025-04-07','2026-05-12 05:10:19','2026-05-12 05:10:19'),(383,16,8,10,'Koreksi stok minus','2025-05-02','2026-05-12 05:10:19','2026-05-12 05:10:19'),(384,21,6,5,'Penambahan koreksi','2025-03-30','2026-05-12 05:10:19','2026-05-12 05:10:19'),(385,24,3,25,'Donasi dari mitra','2025-05-14','2026-05-12 05:10:19','2026-05-12 05:10:19'),(386,2,9,15,'Donasi ke yayasan','2025-08-25','2026-05-12 05:10:19','2026-05-12 05:10:19'),(387,22,9,20,'Donasi ke yayasan','2025-02-23','2026-05-12 05:10:19','2026-05-12 05:10:19'),(388,23,6,15,'Penambahan stok promo','2025-05-05','2026-05-12 05:10:19','2026-05-12 05:10:19'),(389,8,10,1,'Donasi ke yayasan','2025-08-15','2026-05-12 05:10:19','2026-05-12 05:10:19'),(390,2,6,15,'Pembelian rutin mingguan','2025-03-24','2026-05-12 05:10:19','2026-05-12 05:10:19'),(391,17,1,15,'Penambahan koreksi','2025-07-12','2026-05-12 05:10:19','2026-05-12 05:10:19'),(392,2,9,20,'Penjualan harian','2025-01-30','2026-05-12 05:10:19','2026-05-12 05:10:19'),(393,7,11,2,'Hilang saat stock opname','2025-02-16','2026-05-12 05:10:19','2026-05-12 05:10:19'),(394,8,14,20,NULL,'2025-08-12','2026-05-12 05:10:19','2026-05-12 05:10:19'),(395,14,12,5,'Hilang saat stock opname','2025-08-14','2026-05-12 05:10:19','2026-05-12 05:10:19'),(396,17,6,25,'Penambahan koreksi','2025-04-04','2026-05-12 05:10:19','2026-05-12 05:10:19'),(397,15,1,50,'Pembelian dari supplier ABC','2025-04-24','2026-05-12 05:10:19','2026-05-12 05:10:19'),(398,24,9,5,'Donasi ke yayasan','2025-06-06','2026-05-12 05:10:19','2026-05-12 05:10:19'),(399,19,1,5,'Stok awal toko','2025-02-15','2026-05-12 05:10:19','2026-05-12 05:10:19'),(400,21,12,10,'Koreksi stok minus','2025-03-31','2026-05-12 05:10:19','2026-05-12 05:10:19'),(401,6,3,500,'Stok awal toko','2025-01-07','2026-05-12 05:10:19','2026-05-12 05:10:19'),(402,25,7,30,'Penambahan koreksi','2025-01-31','2026-05-12 05:10:19','2026-05-12 05:10:19'),(403,10,12,1,'Donasi ke yayasan','2025-08-24','2026-05-12 05:10:19','2026-05-12 05:10:19'),(404,18,6,15,NULL,'2025-03-10','2026-05-12 05:10:19','2026-05-12 05:10:19'),(405,2,11,5,'Donasi ke yayasan','2025-05-26','2026-05-12 05:10:19','2026-05-12 05:10:19'),(406,7,3,10,'Pembelian dari supplier ABC','2025-06-10','2026-05-12 05:10:19','2026-05-12 05:10:19'),(407,17,13,10,'Koreksi stok minus','2025-04-25','2026-05-12 05:10:19','2026-05-12 05:10:19'),(408,4,2,50,NULL,'2025-08-25','2026-05-12 05:10:19','2026-05-12 05:10:19'),(409,4,13,10,'Penjualan harian','2025-08-31','2026-05-12 05:10:19','2026-05-12 05:10:19'),(410,21,5,30,'Penambahan stok promo','2025-02-01','2026-05-12 05:10:19','2026-05-12 05:10:19'),(411,20,5,30,'Hasil produksi internal','2025-04-26','2026-05-12 05:10:19','2026-05-12 05:10:19'),(412,14,2,5,'Restock awal bulan','2025-02-28','2026-05-12 05:10:19','2026-05-12 05:10:19'),(413,15,1,10,'Donasi dari mitra','2025-03-21','2026-05-12 05:10:19','2026-05-12 05:10:19'),(414,20,7,50,'Restock awal bulan','2025-07-05','2026-05-12 05:10:19','2026-05-12 05:10:19'),(415,14,2,5,'Donasi dari mitra','2025-05-13','2026-05-12 05:10:19','2026-05-12 05:10:19'),(416,25,8,1,'Penjualan harian','2025-02-16','2026-05-12 05:10:19','2026-05-12 05:10:19'),(417,24,1,10,'Penambahan stok promo','2025-01-11','2026-05-12 05:10:19','2026-05-12 05:10:19'),(418,1,12,5,'Penjualan event','2025-01-16','2026-05-12 05:10:19','2026-05-12 05:10:19'),(419,16,8,2,'Sample untuk customer','2025-04-05','2026-05-12 05:10:19','2026-05-12 05:10:19'),(420,11,12,10,'Penjualan harian','2025-07-24','2026-05-12 05:10:19','2026-05-12 05:10:19'),(421,21,14,3,'Penjualan harian','2025-05-29','2026-05-12 05:10:19','2026-05-12 05:10:19'),(422,13,3,5,'Customer komplain, return barang','2025-07-26','2026-05-12 05:10:19','2026-05-12 05:10:19'),(423,13,12,2,'Donasi ke yayasan','2025-08-27','2026-05-12 05:10:19','2026-05-12 05:10:19'),(424,24,11,1,'Sample untuk customer','2025-04-01','2026-05-12 05:10:19','2026-05-12 05:10:19'),(425,8,1,20,'Restock awal bulan','2025-02-27','2026-05-12 05:10:19','2026-05-12 05:10:19'),(426,23,11,3,NULL,'2025-05-09','2026-05-12 05:10:19','2026-05-12 05:10:19'),(427,25,5,100,'Penambahan koreksi','2025-06-22','2026-05-12 05:10:19','2026-05-12 05:10:19'),(428,19,11,2,'Sample untuk customer','2025-06-27','2026-05-12 05:10:19','2026-05-12 05:10:19'),(429,9,8,2,'Barang rusak dalam pengiriman','2025-05-28','2026-05-12 05:10:19','2026-05-12 05:10:19'),(430,6,4,20,'Pembelian dari supplier ABC','2025-06-09','2026-05-12 05:10:19','2026-05-12 05:10:19'),(431,5,3,5,'Pembelian rutin mingguan','2025-03-15','2026-05-12 05:10:19','2026-05-12 05:10:19'),(432,10,12,2,'Dipakai untuk kebutuhan toko','2025-01-12','2026-05-12 05:10:19','2026-05-12 05:10:19'),(433,9,2,100,'Penambahan koreksi','2025-04-19','2026-05-12 05:10:19','2026-05-12 05:10:19'),(434,5,4,50,'Penambahan koreksi','2025-06-26','2026-05-12 05:10:19','2026-05-12 05:10:19'),(435,21,11,15,'Penjualan event','2025-06-20','2026-05-12 05:10:19','2026-05-12 05:10:19'),(436,8,14,1,'Penjualan harian','2025-01-28','2026-05-12 05:10:19','2026-05-12 05:10:19'),(437,10,10,10,'Hilang saat stock opname','2025-07-07','2026-05-12 05:10:19','2026-05-12 05:10:19'),(438,25,4,15,'Pembelian dari supplier ABC','2025-06-12','2026-05-12 05:10:19','2026-05-12 05:10:19'),(439,11,12,1,'Penjualan harian','2025-04-19','2026-05-12 05:10:19','2026-05-12 05:10:19'),(440,1,4,20,NULL,'2025-02-20','2026-05-12 05:10:19','2026-05-12 05:10:19'),(441,9,3,20,'Donasi dari mitra','2025-03-02','2026-05-12 05:10:19','2026-05-12 05:10:19'),(442,5,3,500,'Stok awal toko','2025-01-02','2026-05-12 05:10:19','2026-05-12 05:10:19'),(443,3,5,50,'Stok awal toko','2025-06-05','2026-05-12 05:10:19','2026-05-12 05:10:19'),(444,24,2,25,'Hasil produksi internal','2025-01-30','2026-05-12 05:10:19','2026-05-12 05:10:19'),(445,3,6,5,'Donasi dari mitra','2025-06-02','2026-05-12 05:10:19','2026-05-12 05:10:19'),(446,4,14,10,NULL,'2025-06-10','2026-05-12 05:10:19','2026-05-12 05:10:19'),(447,12,1,15,'Hasil produksi internal','2025-06-12','2026-05-12 05:10:19','2026-05-12 05:10:19'),(448,6,8,1,'Dipakai untuk kebutuhan toko','2025-05-12','2026-05-12 05:10:19','2026-05-12 05:10:19'),(449,18,13,8,'Dipakai untuk kebutuhan toko','2025-02-05','2026-05-12 05:10:19','2026-05-12 05:10:19'),(450,23,14,15,'Hilang saat stock opname','2025-08-23','2026-05-12 05:10:19','2026-05-12 05:10:19'),(451,10,7,50,'Hasil produksi internal','2025-08-26','2026-05-12 05:10:19','2026-05-12 05:10:19'),(452,16,5,20,'Pembelian dari supplier ABC','2025-08-04','2026-05-12 05:10:19','2026-05-12 05:10:19'),(453,17,12,15,'Koreksi stok minus','2025-01-22','2026-05-12 05:10:19','2026-05-12 05:10:19'),(454,24,9,2,'Penjualan harian','2025-07-21','2026-05-12 05:10:19','2026-05-12 05:10:19'),(455,4,2,20,'Stok awal toko','2025-07-10','2026-05-12 05:10:19','2026-05-12 05:10:19'),(456,23,3,15,'Pembelian dari supplier ABC','2025-04-18','2026-05-12 05:10:19','2026-05-12 05:10:19'),(457,7,12,10,'Hilang saat stock opname','2025-06-14','2026-05-12 05:10:19','2026-05-12 05:10:19'),(458,21,13,10,NULL,'2025-03-29','2026-05-12 05:10:19','2026-05-12 05:10:19'),(459,11,7,30,NULL,'2025-04-19','2026-05-12 05:10:19','2026-05-12 05:10:19'),(460,14,2,100,'Restock awal bulan','2025-05-28','2026-05-12 05:10:19','2026-05-12 05:10:19'),(461,14,11,5,'Barang rusak dalam pengiriman','2025-05-12','2026-05-12 05:10:19','2026-05-12 05:10:19'),(462,17,4,100,'Customer komplain, return barang','2025-06-07','2026-05-12 05:10:19','2026-05-12 05:10:19'),(463,23,4,20,'Donasi dari mitra','2025-05-16','2026-05-12 05:10:19','2026-05-12 05:10:19'),(464,17,10,3,'Barang rusak dalam pengiriman','2025-02-21','2026-05-12 05:10:19','2026-05-12 05:10:19'),(465,8,3,25,'Customer komplain, return barang','2025-05-31','2026-05-12 05:10:19','2026-05-12 05:10:19'),(466,8,11,5,'Koreksi stok minus','2025-07-30','2026-05-12 05:10:19','2026-05-12 05:10:19'),(467,2,3,30,'Pembelian rutin mingguan','2025-07-29','2026-05-12 05:10:19','2026-05-12 05:10:19'),(468,22,14,1,NULL,'2025-07-22','2026-05-12 05:10:19','2026-05-12 05:10:19'),(469,10,1,100,'Donasi dari mitra','2025-02-11','2026-05-12 05:10:19','2026-05-12 05:10:19'),(470,7,1,30,'Pembelian rutin mingguan','2025-01-28','2026-05-12 05:10:19','2026-05-12 05:10:19'),(471,25,10,10,'Dipakai untuk kebutuhan toko','2025-07-08','2026-05-12 05:10:19','2026-05-12 05:10:19'),(472,20,8,20,NULL,'2025-06-17','2026-05-12 05:10:19','2026-05-12 05:10:19'),(473,19,9,2,'Barang rusak dalam pengiriman','2025-04-30','2026-05-12 05:10:19','2026-05-12 05:10:19'),(474,15,13,5,NULL,'2025-08-15','2026-05-12 05:10:19','2026-05-12 05:10:19'),(475,6,4,50,'Restock awal bulan','2025-04-27','2026-05-12 05:10:19','2026-05-12 05:10:19'),(476,14,11,10,'Dipakai untuk kebutuhan toko','2025-07-28','2026-05-12 05:10:19','2026-05-12 05:10:19'),(477,24,7,50,'Restock awal bulan','2025-07-08','2026-05-12 05:10:19','2026-05-12 05:10:19'),(478,22,14,10,NULL,'2025-05-26','2026-05-12 05:10:19','2026-05-12 05:10:19'),(479,8,11,10,'Penjualan harian','2025-02-19','2026-05-12 05:10:19','2026-05-12 05:10:19'),(480,24,13,1,'Hilang saat stock opname','2025-05-28','2026-05-12 05:10:19','2026-05-12 05:10:19'),(481,5,9,20,'Hilang saat stock opname','2025-02-11','2026-05-12 05:10:19','2026-05-12 05:10:19'),(482,9,9,3,'Hilang saat stock opname','2025-02-05','2026-05-12 05:10:19','2026-05-12 05:10:19'),(483,19,1,15,'Pembelian dari supplier ABC','2025-06-28','2026-05-12 05:10:19','2026-05-12 05:10:19'),(484,9,1,100,'Hasil produksi internal','2025-03-27','2026-05-12 05:10:19','2026-05-12 05:10:19'),(485,15,7,10,'Hasil produksi internal','2025-06-14','2026-05-12 05:10:19','2026-05-12 05:10:19'),(486,15,8,15,'Penjualan harian','2025-02-08','2026-05-12 05:10:19','2026-05-12 05:10:19'),(487,19,5,30,'Pembelian rutin mingguan','2025-02-11','2026-05-12 05:10:19','2026-05-12 05:10:19'),(488,25,4,20,'Pembelian dari supplier ABC','2025-04-04','2026-05-12 05:10:19','2026-05-12 05:10:19'),(489,20,14,15,NULL,'2025-08-24','2026-05-12 05:10:19','2026-05-12 05:10:19'),(490,3,7,50,NULL,'2025-01-15','2026-05-12 05:10:19','2026-05-12 05:10:19'),(491,4,1,20,'Pembelian dari supplier ABC','2025-07-03','2026-05-12 05:10:19','2026-05-12 05:10:19'),(492,5,9,3,'Dipakai untuk kebutuhan toko','2025-04-26','2026-05-12 05:10:19','2026-05-12 05:10:19'),(493,16,9,2,NULL,'2025-02-09','2026-05-12 05:10:19','2026-05-12 05:10:19'),(494,16,2,10,'Penambahan stok promo','2025-05-24','2026-05-12 05:10:19','2026-05-12 05:10:19'),(495,2,8,8,'Barang rusak dalam pengiriman','2025-07-01','2026-05-12 05:10:19','2026-05-12 05:10:19'),(496,19,4,5,'Penambahan koreksi','2025-04-29','2026-05-12 05:10:19','2026-05-12 05:10:19'),(497,2,11,10,'Penjualan harian','2025-06-05','2026-05-12 05:10:19','2026-05-12 05:10:19'),(498,23,8,1,'Penjualan harian','2025-05-11','2026-05-12 05:10:19','2026-05-12 05:10:19'),(499,10,13,20,'Sample untuk customer','2025-08-22','2026-05-12 05:10:19','2026-05-12 05:10:19'),(500,18,7,20,NULL,'2025-06-13','2026-05-12 05:10:19','2026-05-12 05:10:19'),(501,15,13,20,'Sample untuk customer','2025-08-24','2026-05-12 05:10:19','2026-05-12 05:10:19'),(502,5,13,20,'Koreksi stok minus','2025-06-28','2026-05-12 05:10:19','2026-05-12 05:10:19'),(503,18,5,20,'Stok awal toko','2025-03-04','2026-05-12 05:10:19','2026-05-12 05:10:19'),(504,5,10,15,NULL,'2025-02-18','2026-05-12 05:10:19','2026-05-12 05:10:19'),(505,18,8,8,'Dipakai untuk kebutuhan toko','2025-07-29','2026-05-12 05:10:19','2026-05-12 05:10:19'),(506,21,4,5,'Pembelian rutin mingguan','2025-04-18','2026-05-12 05:10:19','2026-05-12 05:10:19'),(507,22,1,20,'Pembelian rutin mingguan','2025-03-04','2026-05-12 05:10:19','2026-05-12 05:10:19'),(508,2,5,50,'Hasil produksi internal','2025-08-07','2026-05-12 05:10:19','2026-05-12 05:10:19'),(509,24,5,25,'Pembelian dari supplier ABC','2025-02-02','2026-05-12 05:10:19','2026-05-12 05:10:19'),(510,19,3,15,'Hasil produksi internal','2025-07-27','2026-05-12 05:10:19','2026-05-12 05:10:19'),(511,2,6,30,'Pembelian rutin mingguan','2025-05-01','2026-05-12 05:10:19','2026-05-12 05:10:19'),(512,6,2,25,'Penambahan koreksi','2025-03-14','2026-05-12 05:10:19','2026-05-12 05:10:19'),(513,21,2,25,'Pembelian rutin mingguan','2025-04-16','2026-05-12 05:10:19','2026-05-12 05:10:19'),(514,22,13,2,'Hilang saat stock opname','2025-03-11','2026-05-12 05:10:19','2026-05-12 05:10:19'),(515,7,10,1,'Penjualan event','2025-06-05','2026-05-12 05:10:19','2026-05-12 05:10:19'),(516,6,11,8,'Barang rusak dalam pengiriman','2025-01-21','2026-05-12 05:10:19','2026-05-12 05:10:19'),(517,1,12,1,'Penjualan event','2025-01-29','2026-05-12 05:10:19','2026-05-12 05:10:19'),(518,17,14,3,'Donasi ke yayasan','2025-05-17','2026-05-12 05:10:19','2026-05-12 05:10:19'),(519,22,10,3,'Donasi ke yayasan','2025-05-25','2026-05-12 05:10:19','2026-05-12 05:10:19'),(520,6,9,20,'Dipakai untuk kebutuhan toko','2025-06-13','2026-05-12 05:10:19','2026-05-12 05:10:19'),(521,7,4,5,'Penambahan stok promo','2025-06-26','2026-05-12 05:10:19','2026-05-12 05:10:19'),(522,4,9,20,'Penjualan harian','2025-05-19','2026-05-12 05:10:19','2026-05-12 05:10:19'),(523,14,11,8,NULL,'2025-08-18','2026-05-12 05:10:19','2026-05-12 05:10:19'),(524,11,8,15,'Koreksi stok minus','2025-06-06','2026-05-12 05:10:19','2026-05-12 05:10:19'),(525,19,4,100,'Hasil produksi internal','2025-07-30','2026-05-12 05:10:19','2026-05-12 05:10:19'),(526,22,1,10,'Stok awal toko','2025-01-25','2026-05-12 05:10:19','2026-05-12 05:10:19'),(527,4,8,8,NULL,'2025-07-11','2026-05-12 05:10:19','2026-05-12 05:10:19'),(528,12,8,1,'Koreksi stok minus','2025-08-25','2026-05-12 05:10:19','2026-05-12 05:10:19'),(529,24,2,30,'Stok awal toko','2025-05-06','2026-05-12 05:10:19','2026-05-12 05:10:19'),(530,21,3,200,'Stok awal toko','2025-01-07','2026-05-12 05:10:19','2026-05-12 05:10:19'),(531,12,8,5,'Penjualan harian','2025-04-08','2026-05-12 05:10:19','2026-05-12 05:10:19'),(532,14,13,1,'Penjualan event','2025-04-23','2026-05-12 05:10:19','2026-05-12 05:10:19'),(533,12,9,5,NULL,'2025-03-21','2026-05-12 05:10:19','2026-05-12 05:10:19'),(534,3,12,20,'Donasi ke yayasan','2025-08-02','2026-05-12 05:10:19','2026-05-12 05:10:19'),(535,24,13,1,'Penjualan event','2025-07-30','2026-05-12 05:10:19','2026-05-12 05:10:19'),(536,1,1,30,'Pembelian rutin mingguan','2025-03-29','2026-05-12 05:10:19','2026-05-12 05:10:19'),(537,17,12,10,'Koreksi stok minus','2025-03-11','2026-05-12 05:10:19','2026-05-12 05:10:19'),(538,3,10,15,'Hilang saat stock opname','2025-04-29','2026-05-12 05:10:19','2026-05-12 05:10:19'),(539,1,3,100,'Stok awal toko','2025-01-04','2026-05-12 05:10:19','2026-05-12 05:10:19'),(540,11,9,15,'Penjualan harian','2025-02-11','2026-05-12 05:10:19','2026-05-12 05:10:19'),(541,18,14,10,'Donasi ke yayasan','2025-04-18','2026-05-12 05:10:19','2026-05-12 05:10:19'),(542,6,11,10,'Dipakai untuk kebutuhan toko','2025-03-12','2026-05-12 05:10:19','2026-05-12 05:10:19'),(543,6,14,1,'Koreksi stok minus','2025-01-15','2026-05-12 05:10:19','2026-05-12 05:10:19'),(544,11,8,3,'Dipakai untuk kebutuhan toko','2025-07-25','2026-05-12 05:10:19','2026-05-12 05:10:19'),(545,23,11,1,'Sample untuk customer','2025-06-18','2026-05-12 05:10:19','2026-05-12 05:10:19'),(546,22,10,20,'Barang rusak dalam pengiriman','2025-07-30','2026-05-12 05:10:19','2026-05-12 05:10:19'),(547,2,6,5,'Pembelian dari supplier ABC','2025-01-10','2026-05-12 05:10:19','2026-05-12 05:10:19'),(548,22,1,10,NULL,'2025-07-21','2026-05-12 05:10:19','2026-05-12 05:10:19'),(549,5,8,5,'Penjualan event','2025-05-01','2026-05-12 05:10:19','2026-05-12 05:10:19'),(550,3,9,1,NULL,'2025-08-28','2026-05-12 05:10:19','2026-05-12 05:10:19'),(551,9,9,20,'Donasi ke yayasan','2025-01-09','2026-05-12 05:10:19','2026-05-12 05:10:19'),(552,21,10,20,'Sample untuk customer','2025-04-02','2026-05-12 05:10:19','2026-05-12 05:10:19'),(553,12,14,8,'Koreksi stok minus','2025-05-29','2026-05-12 05:10:19','2026-05-12 05:10:19'),(554,12,14,10,'Hilang saat stock opname','2025-05-26','2026-05-12 05:10:19','2026-05-12 05:10:19'),(555,6,7,10,'Stok awal toko','2025-07-05','2026-05-12 05:10:19','2026-05-12 05:10:19'),(556,5,1,20,'Pembelian rutin mingguan','2025-01-30','2026-05-12 05:10:19','2026-05-12 05:10:19'),(557,19,1,30,'Restock awal bulan','2025-08-07','2026-05-12 05:10:19','2026-05-12 05:10:19'),(558,9,4,5,'Pembelian dari supplier ABC','2025-06-01','2026-05-12 05:10:19','2026-05-12 05:10:19'),(559,19,14,3,'Penjualan event','2025-07-14','2026-05-12 05:10:19','2026-05-12 05:10:19'),(560,8,14,20,'Penjualan event','2025-06-18','2026-05-12 05:10:19','2026-05-12 05:10:19'),(561,3,11,3,'Sample untuk customer','2025-06-20','2026-05-12 05:10:19','2026-05-12 05:10:19'),(562,3,6,15,'Restock awal bulan','2025-02-12','2026-05-12 05:10:19','2026-05-12 05:10:19'),(563,25,5,25,'Hasil produksi internal','2025-07-07','2026-05-12 05:10:19','2026-05-12 05:10:19'),(564,11,5,50,'Hasil produksi internal','2025-08-01','2026-05-12 05:10:19','2026-05-12 05:10:19'),(565,25,2,25,'Penambahan stok promo','2025-05-19','2026-05-12 05:10:19','2026-05-12 05:10:19'),(566,23,9,15,'Hilang saat stock opname','2025-03-09','2026-05-12 05:10:19','2026-05-12 05:10:19'),(567,22,8,8,'Dipakai untuk kebutuhan toko','2025-07-24','2026-05-12 05:10:19','2026-05-12 05:10:19'),(568,22,9,1,'Donasi ke yayasan','2025-04-26','2026-05-12 05:10:19','2026-05-12 05:10:19'),(569,16,2,30,NULL,'2025-07-11','2026-05-12 05:10:19','2026-05-12 05:10:19'),(570,12,4,5,'Penambahan koreksi','2025-05-23','2026-05-12 05:10:19','2026-05-12 05:10:19'),(571,15,12,20,NULL,'2025-04-27','2026-05-12 05:10:19','2026-05-12 05:10:19'),(572,1,12,1,'Dipakai untuk kebutuhan toko','2025-03-01','2026-05-12 05:10:19','2026-05-12 05:10:19'),(573,9,11,10,NULL,'2025-03-19','2026-05-12 05:10:19','2026-05-12 05:10:19'),(574,11,6,50,NULL,'2025-05-13','2026-05-12 05:10:19','2026-05-12 05:10:19'),(575,18,3,1000,'Stok awal toko','2025-01-05','2026-05-12 05:10:19','2026-05-12 05:10:19'),(576,1,14,1,NULL,'2025-04-14','2026-05-12 05:10:19','2026-05-12 05:10:19'),(577,4,11,1,'Hilang saat stock opname','2025-08-15','2026-05-12 05:10:19','2026-05-12 05:10:19'),(578,14,4,25,'Stok awal toko','2025-08-17','2026-05-12 05:10:19','2026-05-12 05:10:19'),(579,18,5,20,'Hasil produksi internal','2025-04-29','2026-05-12 05:10:19','2026-05-12 05:10:19'),(580,1,14,1,'Sample untuk customer','2025-01-29','2026-05-12 05:10:19','2026-05-12 05:10:19'),(581,17,5,100,'Pembelian rutin mingguan','2025-03-12','2026-05-12 05:10:19','2026-05-12 05:10:19'),(582,17,3,150,'Stok awal toko','2025-01-02','2026-05-12 05:10:19','2026-05-12 05:10:19'),(583,19,13,1,NULL,'2025-08-06','2026-05-12 05:10:19','2026-05-12 05:10:19'),(584,14,3,1000,'Stok awal toko','2025-01-02','2026-05-12 05:10:19','2026-05-12 05:10:19'),(585,6,14,2,'Sample untuk customer','2025-03-30','2026-05-12 05:10:19','2026-05-12 05:10:19'),(586,9,9,2,'Koreksi stok minus','2025-06-16','2026-05-12 05:10:19','2026-05-12 05:10:19'),(587,7,2,5,'Hasil produksi internal','2025-01-24','2026-05-12 05:10:19','2026-05-12 05:10:19'),(588,24,4,25,'Penambahan koreksi','2025-08-27','2026-05-12 05:10:19','2026-05-12 05:10:19'),(589,15,13,1,'Penjualan harian','2025-05-06','2026-05-12 05:10:19','2026-05-12 05:10:19'),(590,21,3,50,NULL,'2025-05-24','2026-05-12 05:10:19','2026-05-12 05:10:19'),(591,21,13,1,'Hilang saat stock opname','2025-06-08','2026-05-12 05:10:19','2026-05-12 05:10:19'),(592,6,14,15,'Penjualan event','2025-02-21','2026-05-12 05:10:19','2026-05-12 05:10:19'),(593,8,9,1,'Barang rusak dalam pengiriman','2025-04-02','2026-05-12 05:10:19','2026-05-12 05:10:19'),(594,20,5,10,'Customer komplain, return barang','2025-06-29','2026-05-12 05:10:19','2026-05-12 05:10:19'),(595,8,11,3,'Barang rusak dalam pengiriman','2025-03-06','2026-05-12 05:10:19','2026-05-12 05:10:19'),(596,2,11,5,'Donasi ke yayasan','2025-06-11','2026-05-12 05:10:19','2026-05-12 05:10:19'),(597,7,11,2,'Dipakai untuk kebutuhan toko','2025-01-31','2026-05-12 05:10:19','2026-05-12 05:10:19'),(598,21,11,15,'Dipakai untuk kebutuhan toko','2025-05-13','2026-05-12 05:10:19','2026-05-12 05:10:19'),(599,16,13,3,NULL,'2025-01-15','2026-05-12 05:10:19','2026-05-12 05:10:19'),(600,1,11,20,'Koreksi stok minus','2025-07-08','2026-05-12 05:10:19','2026-05-12 05:10:19'),(601,20,3,15,'Pembelian dari supplier ABC','2025-06-03','2026-05-12 05:10:19','2026-05-12 05:10:19'),(602,14,9,15,'Barang rusak dalam pengiriman','2025-07-21','2026-05-12 05:10:19','2026-05-12 05:10:19'),(603,13,10,5,'Hilang saat stock opname','2025-05-25','2026-05-12 05:10:19','2026-05-12 05:10:19'),(604,20,4,25,'Restock awal bulan','2025-03-06','2026-05-12 05:10:19','2026-05-12 05:10:19'),(605,12,2,25,'Pembelian rutin mingguan','2025-03-30','2026-05-12 05:10:19','2026-05-12 05:10:19'),(606,5,10,1,'Donasi ke yayasan','2025-05-30','2026-05-12 05:10:19','2026-05-12 05:10:19'),(607,14,4,5,NULL,'2025-02-01','2026-05-12 05:10:19','2026-05-12 05:10:19'),(608,12,1,25,'Hasil produksi internal','2025-05-14','2026-05-12 05:10:19','2026-05-12 05:10:19'),(609,12,8,15,NULL,'2025-06-05','2026-05-12 05:10:19','2026-05-12 05:10:19'),(610,22,8,15,'Donasi ke yayasan','2025-03-03','2026-05-12 05:10:19','2026-05-12 05:10:19'),(611,25,3,250,'Stok awal toko','2025-01-06','2026-05-12 05:10:19','2026-05-12 05:10:19'),(612,14,10,8,NULL,'2025-02-01','2026-05-12 05:10:19','2026-05-12 05:10:19'),(613,25,10,8,'Penjualan harian','2025-04-26','2026-05-12 05:10:19','2026-05-12 05:10:19'),(614,5,9,1,'Penjualan event','2025-04-18','2026-05-12 05:10:19','2026-05-12 05:10:19'),(615,13,13,5,'Dipakai untuk kebutuhan toko','2025-05-27','2026-05-12 05:10:19','2026-05-12 05:10:19'),(616,5,14,15,'Koreksi stok minus','2025-05-19','2026-05-12 05:10:19','2026-05-12 05:10:19'),(617,2,2,25,'Restock awal bulan','2025-05-14','2026-05-12 05:10:19','2026-05-12 05:10:19'),(618,23,9,3,NULL,'2025-04-22','2026-05-12 05:10:19','2026-05-12 05:10:19'),(619,13,14,10,NULL,'2025-05-07','2026-05-12 05:10:19','2026-05-12 05:10:19'),(620,25,3,10,'Penambahan koreksi','2025-02-07','2026-05-12 05:10:19','2026-05-12 05:10:19'),(621,20,7,15,'Penambahan stok promo','2025-02-06','2026-05-12 05:10:19','2026-05-12 05:10:19'),(622,21,14,1,'Koreksi stok minus','2025-08-17','2026-05-12 05:10:19','2026-05-12 05:10:19'),(623,19,8,15,'Sample untuk customer','2025-02-09','2026-05-12 05:10:19','2026-05-12 05:10:19'),(624,8,6,25,'Pembelian rutin mingguan','2025-08-23','2026-05-12 05:10:19','2026-05-12 05:10:19'),(625,6,9,1,'Koreksi stok minus','2025-08-29','2026-05-12 05:10:19','2026-05-12 05:10:19');
/*!40000 ALTER TABLE `stock_movements` ENABLE KEYS */;
UNLOCK TABLES;
DROP TABLE IF EXISTS `units`;
/*!40101 SET @saved_cs_client     = @@character_set_client */;
/*!50503 SET character_set_client = utf8mb4 */;
CREATE TABLE `units` (
  `id` bigint unsigned NOT NULL AUTO_INCREMENT,
  `name` varchar(255) COLLATE utf8mb4_unicode_ci NOT NULL,
  `symbol` varchar(10) COLLATE utf8mb4_unicode_ci NOT NULL,
  `code` varchar(10) COLLATE utf8mb4_unicode_ci NOT NULL,
  `created_at` timestamp NULL DEFAULT NULL,
  `updated_at` timestamp NULL DEFAULT NULL,
  PRIMARY KEY (`id`),
  UNIQUE KEY `units_code_unique` (`code`)
) ENGINE=InnoDB AUTO_INCREMENT=11 DEFAULT CHARSET=utf8mb4 COLLATE=utf8mb4_unicode_ci;
/*!40101 SET character_set_client = @saved_cs_client */;

LOCK TABLES `units` WRITE;
/*!40000 ALTER TABLE `units` DISABLE KEYS */;
INSERT INTO `units` VALUES (1,'Pieces','pcs','PCS','2026-05-12 05:10:19','2026-05-12 05:10:19'),(2,'Kilogram','kg','KG','2026-05-12 05:10:19','2026-05-12 05:10:19'),(3,'Gram','gr','GR','2026-05-12 05:10:19','2026-05-12 05:10:19'),(4,'Liter','ltr','LTR','2026-05-12 05:10:19','2026-05-12 05:10:19'),(5,'Mililiter','ml','ML','2026-05-12 05:10:19','2026-05-12 05:10:19'),(6,'Box','box','BOX','2026-05-12 05:10:19','2026-05-12 05:10:19'),(7,'Pack','pck','PCK','2026-05-12 05:10:19','2026-05-12 05:10:19'),(8,'Lusin','lsn','LSN','2026-05-12 05:10:19','2026-05-12 05:10:19'),(9,'Meter','m','M','2026-05-12 05:10:19','2026-05-12 05:10:19'),(10,'Roll','rl','RL','2026-05-12 05:10:19','2026-05-12 05:10:19');
/*!40000 ALTER TABLE `units` ENABLE KEYS */;
UNLOCK TABLES;
DROP TABLE IF EXISTS `users`;
/*!40101 SET @saved_cs_client     = @@character_set_client */;
/*!50503 SET character_set_client = utf8mb4 */;
CREATE TABLE `users` (
  `id` bigint unsigned NOT NULL AUTO_INCREMENT,
  `name` varchar(255) COLLATE utf8mb4_unicode_ci NOT NULL,
  `email` varchar(255) COLLATE utf8mb4_unicode_ci NOT NULL,
  `email_verified_at` timestamp NULL DEFAULT NULL,
  `password` varchar(255) COLLATE utf8mb4_unicode_ci NOT NULL,
  `remember_token` varchar(100) COLLATE utf8mb4_unicode_ci DEFAULT NULL,
  `created_at` timestamp NULL DEFAULT NULL,
  `updated_at` timestamp NULL DEFAULT NULL,
  PRIMARY KEY (`id`),
  UNIQUE KEY `users_email_unique` (`email`)
) ENGINE=InnoDB AUTO_INCREMENT=6 DEFAULT CHARSET=utf8mb4 COLLATE=utf8mb4_unicode_ci;
/*!40101 SET character_set_client = @saved_cs_client */;

LOCK TABLES `users` WRITE;
/*!40000 ALTER TABLE `users` DISABLE KEYS */;
INSERT INTO `users` VALUES (1,'Budi','budi@webtech.id',NULL,'$2y$12$OVZrWQumtdlRUt6wJhXix..OATsmoGWfLXIWC0mrWz5.aUTaRIWP6',NULL,'2026-05-12 05:10:19','2026-05-12 05:10:19'),(2,'Siti','siti@webtech.id',NULL,'$2y$12$OVZrWQumtdlRUt6wJhXix..OATsmoGWfLXIWC0mrWz5.aUTaRIWP6',NULL,'2026-05-12 05:10:19','2026-05-12 05:10:19'),(3,'Andi','andi@webtech.id',NULL,'$2y$12$OVZrWQumtdlRUt6wJhXix..OATsmoGWfLXIWC0mrWz5.aUTaRIWP6',NULL,'2026-05-12 05:10:19','2026-05-12 05:10:19'),(4,'Rina','rina@webtech.id',NULL,'$2y$12$OVZrWQumtdlRUt6wJhXix..OATsmoGWfLXIWC0mrWz5.aUTaRIWP6',NULL,'2026-05-12 05:10:19','2026-05-12 05:10:19'),(5,'Dedi','dedi@webtech.id',NULL,'$2y$12$OVZrWQumtdlRUt6wJhXix..OATsmoGWfLXIWC0mrWz5.aUTaRIWP6',NULL,'2026-05-12 05:10:19','2026-05-12 05:10:19');
/*!40000 ALTER TABLE `users` ENABLE KEYS */;
UNLOCK TABLES;
/*!40103 SET TIME_ZONE=@OLD_TIME_ZONE */;

/*!40101 SET SQL_MODE=@OLD_SQL_MODE */;
/*!40014 SET FOREIGN_KEY_CHECKS=@OLD_FOREIGN_KEY_CHECKS */;
/*!40014 SET UNIQUE_CHECKS=@OLD_UNIQUE_CHECKS */;
/*!40101 SET CHARACTER_SET_CLIENT=@OLD_CHARACTER_SET_CLIENT */;
/*!40101 SET CHARACTER_SET_RESULTS=@OLD_CHARACTER_SET_RESULTS */;
/*!40101 SET COLLATION_CONNECTION=@OLD_COLLATION_CONNECTION */;
/*!40111 SET SQL_NOTES=@OLD_SQL_NOTES */;

